id,title_arabic,text_arabic
hikayat-001,_____ __ _____-1448,__ __ _____ __ ____ __ __ ____ ____ __ __________ ____ __ ___ ____ ____ __ ____ ____ _____ __ ____ ___ __ ____ ___ ____ _____ __ __ ____ ____ ____ ___ ____ ____
hikayat-002,____ ____ __ ______ Ğ ___ ____ ___ ____ ______,__ _____ _____ __ ___ __ ___ __ ___ ___ __ _____ ____ ____ ____ ____ ____ ___ ____ ____ ____ _____ __ _____ ___ _____ _____ ____ ______ ____ _____ __ ____ __ ____ ___ ____! ___ __ ___ __ _____ ____ ____. (_____ _______ _________ ____)
hikayat-003,__ ____ ___ _______,____ _____ __ ___ ____ ____ _____ _____ __ ___ ______ ______
hikayat-004,__ _____ ________,___ ___ __ ____ __ __ ___ _____ ______ _____ _____ ________ ____ ______ ___ ____ ____ ____ ____ ___ ______ ______ ___ _____ _______ _____ _____  ___ __ ____ _____ ____ _____ ____ ___ _________ ____ _____ ____ _____ __ ______ ___ _____ _______ ____ _____ ______ _______ ________ _____ ___ ___ ____ _____ _____ _____ _______ _______ ___ _______ ________ __ ____ ______ __ ___ ___ ___ _____ _______ __ __ _____ ___ ___ __ ____ __ _____ ____ __ ___ ___ _______ ______ __ ____ ___ ____ ____ ____ _______ __ _____ ____ _____ __ _______ __ ___ _____ _____ __ _____ ____ ____ ___ _____ ____ ______ _____ ____ _____ _____ ___ __ ______ _____ __ ____ ____ _____ ____ _____ _____ __ ______ ____ __ ______ _____ _____ _____ ____ ___ ______ ___ _____ ______ ______ ______ _____ __ __ ___ __ ______ __ _____ ______ _______ ____ __ ____ ______ __ _____ ______ ______ ___ ______ ____ __ ___ ______ ____ ______ __ _____ _ _____ ______ _____ ____ _ ___ _ ___ ___ ____ __ ___
hikayat-005,__ ____ _______ __ ________,__ ______ _____ _____
hikayat-006,__ ____ ______,___ __ ______ ___ ___ ____ ___ _____ ____ _____ _____ ___ ___ ___ _____ ______ ___ ___ ___ _______ __ ____ _____ ____ ___ _____ ____ _______ __ ______ _____ ____ _____ ____ ______ ____ _____ ____ ______ ____ __ __ ____ _____ ___ ______ _____ ____ ______ ____ __ _____ _____ ____ _______ ____ ______ ___ _______ ______ _____ _____ __ ____ _____ __ _______ ___ ______ ____ ____ _______ _____ _____ _____ _____ ____ __ ______ __ _____ ________ ___ ______ _____ ___ ______ _____ ___ ___ __ ___ ____ __ ____ ___ ____ __ ____ _____ ____ ____
hikayat-007,__ ___ ____,_____ __ ____ _____ ___ ____ __ _____ __ ___ _____ _____ ____ __ _____ ___ _____ _____ ______ __ ____ __ ___ ___ ____ __ ____ ___ ___ _____ ____ __ _____ ____ ____ __ ___ ____ ____ ___ _____ ___ ____ _____ __ ___ __ ____ ____ _____ ____ _____ _____ ____ __ ___ ____ ___ ____ ____ ___ _____ ________ ___ ____ ____ __ _____ _____ _____ ___ ____ _____ _______ ______ ___ __ __ ___ _____ ______ ______ _________ ____ _____ ____ __ ____ __ __ ___ _____ _____ ____ ___ _____ ______ ____ _____ __ ___ ______ _____ ____ _____ ___ ___ ___ _____ ___ __ ______ __ ___ ___ _____ ____ ___ _____ ___ ____ _____ ___ ____ _____ _____ ____ _____ ____ __ ____ ___ ___ _____ _____ ___ ____ ____ ______ ____ ___ ___ __ __ __ ___ ______ __ ___ ______ ____ ___ __ _____ _____ ____ _____ ____ __ ___ _____ ___ __ ______ ______ ___ ______ ____ ___ ___ ______ ___ ____ ______ ______ __ __ _____ _____ _____ _____ _____ ____ ____ ____
hikayat-008,_____ ___ _____,__ ___ __ ___ __ ___ ___ ___ __ ____ ___ __ ________ _____ ______ _______ ________ ______ __ ___ ______ _______ ______ ______ ______ __________ ___ ____ ____ ____ _____ ____ ____ ____ ____ ___ ____ _______ ______ ____ _____ __ ____ __ ______ ____ ____ ____ _____ ____ _____ ____ _____ ___ ___ ____ __ _____ _______ _____ ____ __ ___ ______ __ ___ ____ ____ ____ __ ___ __ ______ _______ ______ _______ ____ ____ ____ ___ ______ ____ __ ___ ______ ___ ____ ___ ___ ____ ____ ____ _____ ____ ____ ______ ____ ____ _____ _____ ______ ____ __ __ _____ __ ________ ____ ____ __ _____ _______ _____ _______ ____ ____ _______ ______ ____ ____ ____ ____ ___ ____ ______ ____ __ ______ ____ _____ _____ _____ __ __ _____ ______ _____ ____ ______ ___ ____ ___ _____ ______ ___ ___ _______ ________ _____ ____ _____ ____ _______ ____ ____ _____ _____ ______ _________ __ ____ _____ ____ ____ ___ ____ _____ ____ ____ __ ___ ______ _______ ____ _______ _______ ______ __ _____ _______ ______ __ __ ____ ___ ____ ___ __ ___ __ ___ _____ ___ ____ _____ ____ ____ __ ____ ___ _____ _____ _____ ______ ___ ____ ____ __ ___ ______ __ _____ ____ ___ ___ ____ __ ___ ______ ___ __ ___ _____ ___ ____ __ _______ ____ __ _____ ___ _____ __ _____ ___ ___ ___ ______ _______ ______ _____ _______ ______ ____ ______ _____ ___ __ ____ _____ __ ___ _____ ___ ______ _____ ______ _____ __ __ _____ _______ ___ _____ _____ ____ _______ _____ ___ ____ ____ ___ ___ ______ ______ ___ _____ _______
hikayat-009,______ ___ ____,___ __ ___ _______ __ ____ __ ______ ____ _____ ___ __ _______ __ ___ __ __ __ ____ _____ ___ __ __ ___ _____ ____ __ ___ ___ ____ _____ ___ ____ _____ __ _______ ________ ___ ___ ____ _____ __ ____ _____ __ ____ _____ _____ ___ _______ ________ ____ ______ ________ __ _____ ____ _________ ________ ____ ___ ______ __ ______ ___ ___ ______ _____ ______ __ ___ _______ ________
hikayat-010,_____ __ _____,____ ____ __ _______ __ __ _____ ___ ______ ____ ____
hikayat-011,__ ____ ________,_ __ ___ __ _____ __ ___ ___ _______ _____ _______ __ ____ ___ ____ ____ __ ___ _____ _____ __ _____ ____ ____ ______ _____ ____ ______ _____ ____ _____ _______ __ ______ _____ __ ____ ____ _____ __ ______ ____ __ _____ _____ _____ _ _____ ______ _ __ _____ ______ ____ ___ _ _____ ______ _____ __ __ ___ __ ______ __ _____ _ _____ __ ___ _ ___ ______ ___ _____ __ __ ___ __  ______ __ _____ _ ___ _____ __ ___ _ ___ ______ ______ __ __ ___ __ ______ _ ___ _ ___ ___ ____ __ ___
hikayat-012,__ ___ _____ _______,____ ___ ____ _____ _____ ______ _______ ________ ___ _____ ____ __ ___ _____ ____ ___ _______ ____ _____ ____ _____ ____ _______ ______ _______ ________ ___ _____ ____ _____ _____ ______ _______ _______ __ ______ ________ _______ ___ _____ _____ ______ __ ____ ______ ______ _____ ____ __ ________
hikayat-013,__ ____ ________,____ __ ____ __ ___ _______ ___ ____ _ ______ _____ ______ _____ ______ ____ _____ _ ___ ________ _____ _______ __ _____ _ ______ ____ ___ __ ______ ___ ___ __ ___ ____ ____ ____ _______ _______ ___ ____ ____ __ ______ _ ___ _____ ___ ________ ____ ___ ____ ____ _____ _____ ___ ________ _______ _____ ________ ___ ___ __ _____ ___ ___ ________ ________ ______ ____ _______ __ ____ _____ _ ___ ______ _ ____ _____
hikayat-014,___ _____ __ ______,_____ ___ ____ ____ ___ _____ __ ____ _____ ____ ____ ____ ______ _____ _______ ______ ___ ____ ____ _______
hikayat-015,_____ _____ _______,_____ ___ ___ ______ ______ ______ _______ _ ____ _ ___ _____ _____ _ ____ ____ ________ _ ______ _____ _____ _ ____ ____ ______ _ ______ _____ ____ _ ____ ___ ____ ___ _____ __ ______ _____ ____ ___ ______ ______ ____ ___ ____ _______ ____ _ ____ _____ _____ ___ _______ _ ____ ___ ____ ______ _ ____ ____ ______ ___ _____ ______ _ ____ _____ ___ ____ ____ _ ____ _____ _____ _ ____ ______ ________ _____ ___ _ ______ ____ ______ _ _____ ____ ______ _ _____ ______ ________ _ ____ ____ ___ ____ ___ ___ _ __ ___ ___ _____ _____ ______ _ _____ ____ ___ _____ ___ _____ ______ ______ ____ ____ ___ ___ ___ _____ ___ _____ _____ _____ _ ___ ____ _  ______ ____ _ _____ ______ _ ____ ___ _____ ______ _______ __ _______ _ ______ ___ _ ______ _____ _ _____ __ ______ _______ __ _______ _ ____ __ ___ _____ _ ___ ________ _____ _____ _ __ ____ _____ _____ ______ __ ______ ____ _ ___ ____ ________ ______ _ ___ ____ ____ _____ _ ___ ____ _____ __ ________ _ ___ _______ _____ __ ________ _ __ ___ __ ___ ___ _______ _ ____ __ ____ _ __ ___ _____ ____ _____ _ __ ___ ___ ___ ___ ____
hikayat-016,__ ____ _____ ___ _____,_____ ______ __ ___ _________ _____ _____ ___ ________ _____ __ _____ ______ ____ __ ___ _____ __ ______ __ ______ ___ ___ ____ _____ ______ _______ _______ ___ _____ ___ ___ _____ ______ __ ____ __ __ _____ ___ _____ ____ ___ __ ____ ___ ________ _____ ___ ____ ___ ___
hikayat-017,__ ___ _____ _______,___ __ ___ ____ ____ __ ___ ___ ____ __ ___ ______ ___ ___ __ _____ _______ ______ ____ ______ ___ _______ __ ______ ________ ________ _______ ______ _____ ______ ___ ___ ______ ______ ______ __ _______ ____ _____ ______ _______ __ _____ ______ _______ _________ ___ _____ __ _______ ___ ______ __ ______ _______ ________ ________ ________ _____ ____ _____ _____ _______ __ ___ _____ ____ ____ _____ _______ ______ ______ ___ ____ ______ ____ _______ ________ __ _____ ______ _____ ________ ________ __ _______ _________ ________ _________
hikayat-018,____ _______,_____ __ ____ ____ ___ ____ ____ ____ ____ ___ ___ ______ _______ ___ __ _____ ______ ____ __ _____ _____ _____ ______ _______ ___ ___ __ ____ __ ________ __ _____ ___ __ ____ ________ _____ ______ _____ ______ _____ __ ______ ___ ___ _____ _______ ______ ___ ___ ___ _____ ____ ____ ____ _____ _____ __ ___ ____ ______ ____ ____ ___ _______ ____ __ ______ ____ ____ _______ __ ____ __  ________ __ _____ ___ ___ _____ __ ____ ___ ____ ____ ____ __ ______ _____ ______ _____ ______ _______ _____ ______ ______ _______ ____ __ __ ____ ____ ___ ____ __ ___ __ ____ ____ __ ____ ___ __ __ ___
hikayat-019,___ ______ ______,__ __ _____ ___ ____ __ __ ____ ___ ___ _____ ___ _____ ___ ____ ____ _____ ____ ___ _____ _____ ___ ___ _____ _____ __ ____ ___ ___ __ __ __ ___ ____ ___ ___ ___ _____ ______ ___ ________ ____ ___ _______ __ ______ _____ ____ ____ ______ _____ ______ ____ ___ ___ ____ __ __ ____ ____  ____ ___ _____ _____ ____  _____ ____ ___ _____ _____ ____ ____ ___ ____ ____ ____ ____ _____ ________ _____ _______ ___ __ _______ ______ ____ ____ ___ ____ __ ____ __ ___ ____ _____ _____ ____ ______ ____ ______ ______ ____ ___  _____ _____ ____ _____ _____ ___ _____ ______ __ ___ ___ ____ _____ ____ _____ ______ _____ ____ ___ __ ____ _____ __ ___ ___ __ ____ ___ ____ ___ ______ ____ ____ _____ ____ ____ ______ _______ ______ _______ __ ___ ______ ____ ______ ____ _____ __ ___ ____ __ _____ ____ ___ _____ ______ ______ ____ ___ _____ _____ __ ______ _____ ____ ___ _____ __ ___ __ __ _______ _______ ____ ___ ________ __ _____ __ ______ ________ ______ ____
hikayat-020,__ _____ ______,______ __ ___ __ ___ ______ _____ _______ _____ __ ____ ____ __
hikayat-021,__ ___ ____ _____,______ ____ _____ ______ _____ ____ _____ ____ _____ _______ ____ _____ ____ ____ ____ ___ ______ __ ___ ____ ____ ____ ___ ____ ______ ___ _______ _____ ____ __ ___ ____ _____ __ ___ ______ _____ _______ _____ ___ _______ _____ __ ______ __ ___ _____ ______ ____ _____ ___ ____ _____ ___ _____ ____ ____ _____ ______ _____ _______ ______ ___ ____ _______
hikayat-022,____ _____ ________  ____ ___,_____ __ ___ ___ ___ ____ _____ _____ __ ______ ____ ____ ______ _______ ___ ___ ____ ___ ___ ______ _____ _______ _____ ___ ____ _______ ______ ___ ______ ______ ______
hikayat-023,___ ____,___ ___ __ _______ _____ _____ ___ ____ __ ____ ______ ____ _____ ____ _______ ____ ___ __ ______ ______ __ ____ _______ ___ _____ __ ______ ___ ___ ____ __ __ ____ _____ ____ ______
hikayat-024,___ __ ________,____ ___ __ ____ __ ___ ____ ____ ___ ______ ___ ____ ____ ____ ____ __ ___ _____ ______ ____ __ __ ___ ____ ___
hikayat-025,_____ _____ ______,____ ___ __ ______ ____ _____ _______ ____ __ ___ ____ ___ ______ _____ _____ _____ ___ __ ____ _____ ____ ______ __ _____ ___ ____ ___ ___ ___ ____ _____ __ ___ ______ ________ __ ______ __ ______ ___ _____ _____ _____ ___ ____ __ _____ _____ _______ ______ ___ ___ ____ ____ _____ ______ _____ _____ ________ ___ ___ ____ __ ____ ___ ___ ____ __ ___ ____ _____ ____ ____ ___ ______ _____ ______ ___ _____ ____ _____ ___ _____ ___ ___ __ _____ _______ __ _____ _____ __ ____ ____ _________ ___ ____ ___ ________ ____ _____ _____ ____ __ _____ ___ _______ __ __ ___ ___ ____ ____ __ ___ ____ ______ ____ ___ ____ __ ___ ___ ______ ______ _______ ______ ___ __ _____ _____ ___ _____ __ __ ____ ___ ___ ___ ______ ____ ___ _____ __ _____ ___ _____ _____ __ _____ ____ ___ ______ __ ____ __ ____ __ ___ _______ ___ ___ __ ___ ____ __ ___ ___ ___ ___ _____ _____ _______ ___ ___ _____ ___ _____ ____ ____ _____ ______ __ _____ ______ _____ ___ ______ __ ____ ___ ____ _____ ______ _____ ___ ___ _____ ______ ____ _____ ____ _____ ____ _____ ___ ___ _____ ___ _______ ____ ____ ______ _____ ___ __ __ ____ ___ ______ ____
hikayat-026,__ _____ ______,____ ___ _____ __ ______ ____ ___ _____ ______ ____ ___ _____ _______ ____ __ _____ ______ __ ____ _____ ________ ______ __ _________ ______ ______ __ _____ _____ ________ _______ __ ____ _______ _______ _______ __ ____ _____ ____ _______ ________ ___ __ ___ _____ ________ ____ ____ ___ ____ ____ ____ ___ _____ ______
hikayat-027,_____ ___ _____ ______,_____ _____ ________ ___ _____ _____ ____ _____ _____ ___ __ _______ ___ _______ _______ _______ _________ ______ ________ __ ____ __ ___ ___ ___ __ _____ _____ __ ______ ____ ______ ____ _____ ___ ________
hikayat-028,___ _____ __ _______,______ ___ ______ ____ _______ __ ______ ______ ____ _____ _______ ____ ______ ______
hikayat-029,____ __ _____ ____ _____,____ ____ ___ ____ ____ __ _____ ___ ___ ___ _____ __ ______ ____ ____ __ ____ ___ ____ ____ ______ ___ ____ ___ ____ ___ _____ _______ ____ ____ ____ ___ _____ _____ ____ __ ___ ____ _______ __ ______ ________ ___ _______ _____
hikayat-030,_____ ______ ______,____ ____ ____ ____ _____ ___ _____ ______ __ _____ _______ __ __ ______ ___ ___ ____ ____ ____ ____ _____ ____ ____ ____ ____ __ ___ ___ __ _______ _____ ______ _____ _______ _____ __ ___ ___ __ _______ _____ ____ ___ ____ ___ _____ _____ ___ ___ _____ ____ _____ _____ ____ ___ ___ _____ ____ _____ ____ _____ _______ _____ ____ ___ __ _____ _______ ___ ______ ______ __ ___ __ ______ _______ ____ ___ ___ _____ _________
hikayat-031,_____ _____ _____,______ ____ ____ __ ___ ______ _____ _______ ___ ______ ___ ____ ____ ___ ____ ______ ______ __ ___ _____ _______ ____ ____ ______ _____ _______ ___ ______ _____ ______ _____ _______ ____ ______
hikayat-032,____ _____ ___ _______,__ ______ __ _______ ______ _____ _____ ___ ___ __ ____ ___ ______ _____ _____ ____ _______ ________ ________ __ _____ _____ ________ _________ ________ _________ ____ ______ _____ _____ _____ __ _____ _____ ____ _____ _____ ______ ______ ______ _______ ____ _______ ____ ___ ______ ___ _______ ____
hikayat-033,_____ _____ _______,____ ____ ______ _____ _______ ___ ____ ______ ___ ____ _______
hikayat-034,____ ____ ____,_____ ____ __ ____ __ ______ ____ _____ _____ ____ ___ _____ ______ ______ ___ _____ ___ _______ __ _____ _______ __ ___ ______ ___ ____ ___ ____ _____ __ ____ ____ ___ __ ___ ____ ______ ____ ____ _______ ____ __ ____ ____ ___ _____ ____ ___ ____ __ _____ _______ _____ __ _____ __ _____ ___ ______ ___ ____ ____ ___ ____ ____ _______ ____ _____ ___ ___ ___ __ ______ ___ _____ ____ _____ ____ ____ ___ ____ ____ __ ___ _____ ______ __ ______ _____ _____ _____ __ __ __ ____ __ ______ __ _____ ___ ______ ____ _____ ___ __ ______ _____ __ ______ ___ __
hikayat-035,_____ _____ _______,____ ____ ___ ___ ____ _______ _____ _____ ___ ___ __ ______ ________ __ ______ ___ _____ __________ ____ _____ _________ _____ _____ _____ _______ _____ ________ _________ _______ _______ ___ _____ ____ ___ ____ ___ ___ __ ____ _______ ____ ____ _____ _____ _______ ______ __ _____ ______ ___ ____ ___ ___ ______ ____ __ ______ ______ _____ __ _______
hikayat-036,_____ _____,__ ____ __ ___ _____ ____ ___ _______ ____ ____ ___ ______ ____ _______ ____ ___ ___ ____ ___ ____ __ _____ ____ _____ __ ________ _____ ______ ___ ____ ________ _______ _______ ______ ______ ______ ____ ______ ____ _____ __ ______ ___ ___ ______ ____ ____ __ _____ _____ ____ _____ ____ ________ ____ ___ ___ ____ __ ___ _______ ____ __ _____ _____ ____ __ ____ ____ ____ _____ _____ _____ ___ ___ ______ _________ ____ __ ___ ____ __ ___ _____ ______ ________ ____ ________ ___ ____ _____ __ ____ ______ _______ ____ ___ ___ __ ____ ___ ____ ______ __ ___ ___ ____ ___ ____ ___ ____ ____ ____ ____ ______ ______ __ _____ _____ __ _____ ____ ___ ___ _____ ____ _____ ______ __ ____ __ ____ _____ ______ __ ________ _____ __ _____ ______ _____ ______ _____ ___ _____ _____ ____ ___ _____ __ _____ __ __ ____ _____ ____ ____ ____ ___ ______ ____ ______ _____ __ ___ __ _____ ____ _____ ___ _____ _____ ____ ____ ____ ____ ___ ____ ____ _____ __ _____ __ _______ ________ ___ ___ ____ __ _____ __ ___ ______ _________ ____ _____ _____ ____ ___ _____ _______ ___ ______ _______ __ ____ ____ _____ __ ____ _____ __ ___ _____ ___ _____ ____ ____ ____ ____ ___ _______ ___ _______ __ _____ ________ ___ ____ ______ _____ _______ ____ _____ ___ ___ __ _______ ___ _____ ____ ______ _______ ______ ____ ___ ___ ___ ___ ______ __ ___ ____ _______ ______ ________ ______ _______ _____ _____ _______ ___ __________ _____ _____ ____ ____ ______ _____ ____ _____ __ ___ _____ _______ __ ____ ______ ___ _______ ___ _____ ____ _____ ___ __ ______
hikayat-037,_______ _____ ______,___ _____ ______ ____ _____ __ _____ __ ____ ____ ___ ___ ____ ___ ______ __ ___ _____ __ ___ ___ _____ _____ ___ _____ ___ ______ ___ _____ ____ ___ _____ ______ __________ ___ ____ ____ _______ ____ ___ ____ _______ ______ ____ __ ____ ____ __ ______ __ ________ ___ ______ _______ ____ _____ _______ ____ __ ___ _____ ____ ______ ___ _______ ___ ____ ___ ____ ___ _______ _____ ____ __ ____ ____ __ ______ ______ ___ ______ ___ _____ ___ ___ __ _______ __ _______ ___ ______ __ ________ ___ _____ ___ _____ ___ ____ ______ ___ ____ ____ _____ ____ ____ _______ __ ___ ______ ____ __ ___ __ _______ _____ ____ __ ___ __ ___ ____ _____ __ _______ ____ ___ _____ __ ___ _____ ____
hikayat-038,______,____ __ _____ ___ __ ___ ________ ____ ____ ___ __ ___ __ ___ ___ ___ ____ ____ ____ ____ ____ _____ ____ ______ ____ ____ ____ ____ ____ ____ __ _____ _____
hikayat-039,______ _______,_____ _____ __ ____ _____ _____ ______ __ ___ ____ _____ _______ ____ __ ______ ____ __ _____ ____ __ _____ _____ _______ ____ __ _____ ____ __ _____ _____ __ ____ _____ ____ _____ ______ __ ______ __ _____ ______ ____ ____ _____ ___ ___ ____ __ ____ ____ ______ ____ ___ _____ ___ ___ ___ ____ ______ ___ ______ _____ ____ _____ ______ ___ ______ _____ ___ ____ _______ ____ _____ _____ ______ _____ _____ ____ _______ __ ___ ___ _____ __ ______ __ __ ______ __ _______ ______ ____ _____ _______ __ ____ _____ _____ _________ __ ____ ___ ___ _____ __ ____ _____ ______ _______ _____ ______ _______ _____ _____ ______ _____ ______ _______ _______ __ ____ _____ __ _____ _________ __ ______ ______ _______ __ ____ ______ _____ ___ _______ __________ __ ____ _____ _______
hikayat-040,______ _______ __ ____ ______,____ ___ ______ _______ __ ____ ______ _ ____ _________ ___ _______ ________ ___ ____ ______ ___ ___ __ _______ _ ___ _____ _________ _ ______ _ ____ _____ _________ ____ ___ _______ ________ __ _______ ____ ________ __ ____ ______ ______ _____ ___ ______ _ _______ ____ ____ _____ ______ ______ _______ ______ _______ _____ ____ _____ ______ _______ _____ _____ _______ ____ ____ _______ _____ ___ ______ ____ ________ __ _______ __ _____ ____ ______ ________ _______ _______ ________ ___ ____ __ _______ _______ _______ _______ ______ ____ _____ ______ ______ _______ __ _______ ____ ________ _____ ______ _ _______ ____ ___ ____ ______ ______ __ ______ _____ ____ ________ _____ ______ _______ ____ ___ ____ __ __ _______ ___ __ ___ _______ _ _______ ____ __ ____ _______ _ ____ _____
hikayat-041,_____ ______ _______,______ _____ ____ ____ ___ ___ ____ _____ _____ ___ _____ ___ ___ ___ _____ _____ _____ _______ ____ _____ __ ____ ___ ______ _________ _____ _____ _____ __ ______ ________ ______ _____ _______ ____ ___ _____ ___ __ _____ _____ ______ ___ _____ __ ______ _______ ____ ______ _______ ______ ______ __ _______ _____ _______ __ ____ _____ ______ _______ ______ ____ __ ___ ___ _______ _____ ______ ________ _____ __ _______ _______ ________ ___ ____ _____ ______ ___ __ ____ ___ __ __ ______ ________ __ _____ _______ _____ ____ _______ __ ___ ___ ____ __ ____ _____ ___ _ ____ ___ _______ _________ ________ ________ _______ _____________ ____ __ _____ _____160/ ____ ____ __ ______ _____ ____ _______ ______ ______ _____ ___ _____ __ ____ __ _______ ______ __ _______ __ ______ _____ __ _____ _______ _____ __ _______ ______ __ _______ ___ ______ ______ ____ ______ ______ _______ _____ _______ __ ___ ______ ______ ________ ____ ___ ____ ___ __ ____ __ ___ ___ _____ __ _______ __ ___ ______ ___ ____ ______ _______ ___ __ _______ ______ ____ ___ _____ ______ _____ _____ ____ _____ _____ ________ __ _____ _____ ___ __ ______
hikayat-042,___ ______ ___ _____,___ ______ _____ ___ _______ ___ ______ ___ ________ _______ _______ ___ _____ ______ ____ __ _____ ___ ___ _____ ___ ____ _____ ____ __ ____ __ _____ ___ ______ __ ____ _____ ___ ______ ___ ______ __ ___ ____ __ _______ ___ ______ ___ ____ __ _____ ___ _____ ______ __ _____ _____
hikayat-043,_______ __ ______,_______ _____ ____ ___ ____ __ ______ ____ _____ ___ __ ____ ___ ____ ____ ___ ____ _____ ____ ___ ___ ___ _____ ___ _____ _____ ___ ____
hikayat-044,_______ _______,__ ____ ___ ____ ____ ___ ___ ___ _____ __ ___ __ ___ ___ ___ ___ _____ _____ ______ ___ ___ ____ _____ ___ ___ _____  ____ _ ___ ______ _____ ___ ______ _ ___ ____ ______ ___ ____ _____ _ ___ ______ _ ___ ___ __ _______ __ ______ ____ ___ ___ ____ ___ _ _____ ____ _____ ______ ___ ___ _____ _ ___ ____ ____ ___ _ ____ ___ _ ____ ____ _ ____ _____ ___ ___ ___ _____ _______ ____ _____ ___ _____ _ ____ __ ______ _ _____ _ ___ ____ ___ _____ ___ ___ ______ ___ ____ ___ __ ___ ____ ____ ____ _ ___ ______ _____ __ __ __ ___ ___ ___ ___ _____ _______ _ ____ ____ ___ _ ____ ___ ____ _ ____ __ ____ __ __ ______ ____ __ ___ __ ____ _____ ___ _____ ___ _____ _____ ____ ___ ___ _____ ___ ___ ___ ____ ____ _ ___ __ ___ _______ _____ _ ___ ____ ___ _____ ___ ___ ___ ____ ______ _ __ ____ ____ _____ ____ ______ _____ _____ ___ ___ ____ ______ _______ ___ ___ _____ _____ _ ___ ____ ______ __ ____ _ ________ __ _____ ___ ____ __ ____ ____ ___ ___ ___ ______ ____ __ ______ _____ _____ ___ ____ ___ ____ ___ ______ ______ _ ___ _________ _ ____ ____ ___ ___ ___ ____ ____ ___ ____ ____ ____ _ ______ ____ __ _______ __ _____ __ ______ ____ ___ ____ _____ ____ ___ _____ ___ _____ __ _____ ___ ___ ______ _ ___ ___ __ _____ ______ ___ ____ ___ __ ____ __ ___ ___ ___ _______ ____ __ ___ ______ ___ __ ______ _ __ ___ __ ____ ____ ___ ___ ______
hikayat-045,_____ _____ ______,____ __ ___ __ ___ ________ ____ ____ _____ ______ ___ ________ _________ ________ __ __ ___ ____ __ _____ ______ __ _____ ________ ______ ___ _______ _______ ___ _____ __ ____ ______ __ _____ ___ _____ ____ ______ ___ _______ __ ______ _________ __ _____ ___ _______ ____ ______ ____ _____ ______ ________ ____ ______ __ _____ ___ _______ ___ ____ ___ ______ ______ ______ _____ ___ ________ ___ __ ___ _____ ___ ___ ____ ____ ___ __ ____ ___ ___ ____ ________ _______ _________ _______ ______ ____ _____ ____ _____ ____ ___ ___ _____
hikayat-046,______ _______,_____ __ ______ _______ ___ __ ___ ______ __ ________ ____ _____ ______ ___ _____ ___ ______ ____ ____ ______ ___ ____ ____ ______ _____ __ ____ __ ____ ______ __ ___ __ __ ___ ____ ___ _____ ______ __ _____ ___ ___ ___ ___ ____ ___ ___ _____ ____ ___ ___ ___ __ ______ ____ _____ ___ ___ __ _______  ___ ____ ___ ______ ______ _______ __ ____ ___ ___ ___ ___ __ _____ ____ ____ __ _____ __ ___ ______ __ ___ ___ ____ ___ _____ ____ __ ___ ___ _____ _____ ____ ___ ___ _____ _____  ___ ___ ____ ___ ___ ____ _____ ______ __ _____ ____ _____  ___ ____ ___ ______ _____ ____ ___ ___ _____ ____ __ ____ __ _____ ____ ______ __ ____ __ ___ _____ ___ _____ ____ ___ ____ ____ ____ ___ ____
hikayat-047,_______ ________,____ ___ _______ ___ _____ ___ ______ ____ ____ _______ _ __ ___ __ ___ __ ______ ____ _____ _____ _____ _____ __ ____ ____ __ ___ ____ _____ ____ ____ ___ ______ ____ __ ____ __ ____ ___ __ ______ _____ _ _____ _ _____ _ _____ ___ ____ _ ____ _ _____ ____ ___ _______ _____ __ _____ __ _____ _____ __ ___ ___ ___ _______ ___ _____ ___ ___ _______ _ __ ___ __ ______ ______ ____ _ __ _____ ______ ___ _____ ______ ____ ___ _______ _____ _____ _ ___ ______ _ ___ _______ _____ _____ _ _____ ___ _____ ______ _______ __ ___ ______ _ ______ ___ ______ __ ___ ______ ______ ______ _ ____ ____ _ ____ _ ___ _____ _ ____ _______ ___ _______ __ ____ ___ _ ___ ___ __ ____ __ ___ __ _ __ ____ __ ____ __ ____ _______ _ ___ ___ ____ ____ _ ___ __ _____ ___ ______ _____ ___ _____ _____ _ ___ ___ __ ____ __ ___ __ _ ___ ___ ___ __ __ __ ___ ______ ____ _____ _____ _____ _____ __ ____ ____ _____ _ __ _____ ________ ________ _ _____ ________ ________ ___ _______ __ ____ __ ___ _ ____ __ ____ ____ __ _______ ___ ____ ____ __ ____ ___ ___ __ __ _____ ____ _______ ______ __ ____ ____ _ ____ __ _____ _ ___ ____ _ ____ ____ ______ ___ _ ____ _________ __ ______ _______ _ _______ __________ _________ __ ___ ____ _ _____ ___ ___ ____ _ _____ _____ ____ ___ _____ _ _______ ____ _____ _______ _ ____ ___ ___ ___ __ ___ _______ _ ____ ___ ____ ______ _ ___ _____ _____ _ _____ ___ ______ _______ ____ ___ _____ _______ ___ _____ ___ ___ _____ __ _ ____ _______ ______ ____ ___ _______ _____ ___ _ ___ _____ ___ _ ___ _ __ ___ ____ _ _____ _____ ____ ______ ___ ______ ______ __ ____ _______ ____ ______ ___ _ ___ ____ __ ______ ____ _ ____ _____ ___ __ ____ _ ____ _____ _______ ____ ______ ___
hikayat-048,______ _______,___ ___ ___ ___ ____ ___ ___ __ _____ __ ____ __ ____ ______ __ ____ _____ ___ ____ _____ _____ ___ ___ ____ __ ____ _____ _______ __ ____ ____ __ _____ ____ ___ ____ ___ ____ ___ ____ ___ ___ ____ __ ____ _____ __ ____ ______ __ ____ __ ____ _____ ____ _____ _____ ___ _______ ____ ______ ____ ___ ___ ___ _____ ____ ___ ___ _____ ____ ____ ____ __ ______ _____ _____ ___ ____ ___ ____ ___ ______ ______
hikayat-049,_____ ______,____ __ ______ _______ ___ ____ ____ ____ __ _____ ____ ___ ____ ____ ____ _____ ____ _____ ____ ____ __________ ____ __ ____ __ ___ ____ ______ ____ ____ ____ ___ ____ ____ _____ __ ____ __ ___ ______ _______ _______ ____ _____ ___ ______ _______ ___ ___ ____ ___ _____ ___ ___ _____ ____ ___ ______ ______ _______ ___ ________ _____ _____ _____ _____ _____ ____ _____ ______ ______ _______ __ _____ ____ ______ __ ________ _____
hikayat-050,_____ _____ ______,____ ___ ____ ___ ___ ____ ____ ___ ______ ____ ___ ___ ____ _____
hikayat-051,______ _______,___ ______ ____ ____ ____ __ ____ __ _____ _ __ ____ ______ __ _____ _ __ ___ ____ __ _____ _ ____ ____ __ _____ ___ ____ __ _____
hikayat-052,_____ __ _____,"____ __ ____ __ _____ _____ _______ __ _____ ____ ___ __ _____ ________ ____ ____ __ ___ ___ _____ __ __ ____ ____ __ __ __ __ ____ ____ ____ __ ___ ____ ____ _____ ____ ___ ____ ____ _ __ __ ___ ____ __ _____ _ __ ____ __ __ ____ ___ ____ ____ __ __ __ ____ ____ ______ ___ ____ ___ __ ___ ____ ____ ____ __ ____ __ _____ ______ ____ ____ ______. _______ _____ _ __ _____ _____ ___ ____ ___ _____ ___ ___ ______ ___ ____ ____ _ __ __ ___ _____ _ __ ____ ______ __ _ __ ____ _____ ___ _____ ____ _____ ___ ____ _____ __ __ _____. __ ___ ___ _______ _____ _ __ _____ ____ ___ ____ _____ ____ ___ ___ __ _____ __ _____ ___ ___ ____ _______ ___ ____ ___ _______ __ __ ___ __ _____ ____ ____ _ __ ___ __ ___ _____ __ ___ __ ________ ____ ____ ____ ____ ____ __ ____ __ ___ ___ ____ ___ ____ _____"
hikayat-053,______ _______ __ ______,"______ ___ __ _____ _________ ______ _________ __ _________ ____ ________ ________ ___ ________ ________ ________ _______ ______ ___ ________ ___ __ __________ _________ __ ____ __ ___ ______ ____ __ ___ _______ _ _______ _______ ___ ______ __ ____ ________ ____ _______ __ ________ _____ ___ ____ ___ _____ _____ ___ ___ ____ ____ _____ ______ ___ __ ___ ____ _______ __________ ____ ______ __ ____ _______ _________ ___ _____ ______ __ ____ ______ ____ __ ___ ____ _ ___ __ ___ __ ______ _____ ___ __ _ ___ _____ __ _____ _____ _______ ____ ____ ______ _____ ____ ____ ____ ___ ______ ____ ____ ___ __ ___ _____ ____ __ ____ ____ ___ ____ _______ ___ ______  ____ ___ ____ __ ____ _____ ________ __ ______ __ ____ ___ __ ____ ___ __ ____ _____  _______ ___ ___ _____ ___ __ ___ __ ___ ______ ____ ___ ____ ______ _ _______ ______ _____ ______ _____ ___ _____ ______ ____ _______ ____ ____ __ _ ______ __ _______ _ ___ _______ ___ ________  _______ _______ ____ ______ _____ ____ _____ ___ ____ ____ ____ ____ ______ ___ ____ ___ __ ___ _____ _____ ____ ___ ____ ____ ____ ___ ___ ___ _____ _____ ___ _____ ____ _____ ____ ____ ____ __ ______ ___ ___ __ ____ _______ _________ _ __ ____ ____ ___ ___ ____ _____ _____ ____ _____ ______ __________ ______ ____ __ ____ _ ______ ____ ___ ____ ____ ____ ____ __ ___ __ ____ ___ ____ _______ ____ ______ __ _______ ____ _____ ________ ___ ________ _______ ___________ ___ ____ ______ ______ ____ __ ___ ____ _ _____ ______ ______ ____ ____ ___ _____ _ ________ ___ ______ ___ __ ___ _____ ______ ____ ___ ____ ____ __ _____ __ ____ ______ ____ ______ ____ ______ _ ______ __ _____ _______ _ _____ ____ ____ __ ____ ______ ______ ______ ____ ____ __ ______ ________ ______ ______ _____ _____ _____ _____ _____ ____ ________ ______ ___ ____ ____ ____ ____ __ ____ ______ __ _____ ____ _______ ______ ____ ______ ____ _______ ___ _____ _______ ____ ____ _____ _______ ____ _____ ___ __ ____ __ ________ _____ ____ _____ ____ _________ _____ ____ ____ ____ ___ ____ ___ ______ _____ ____ _____ ___ ___ ____ ______ _____ ____ ____ _____ ______ ____ _____ ____ ____ __ ____ _____ __ __ ___ ____ _______ _______ ____ ______ ___ __ ___ ____ ______ _ _______ __ ____ _____ __ ___ _______ ____ _______ ___ ______ ____ ___ __ ____ ______ __ ____ __ ___ ____ _____ _____ ____ _____ __ ____ _____ ______ ____ _____ ____ ____ __ ____ ___ _____ _______ ______ ____ _____ _____ ___ _____ ______ ____ _____ ______ ___ _____ ____ __ ___ ______ ____ __ ____ _____ ____ _________ ____ ______ ________ __ ____ ______ _______ __ _______ ___ ___ ____ ______ _______ ____ __ _______ __ ____ ___ ____ ___ _____ ___ _____ _ ____ _______ __ _______ __ ____ __ _______ _____ ____ ____ __ _____ _____ _____ __ _____ ____ ___ _____ ____ ______ _____ _____ ____ _____ ___ ____ ______ ___ ______ _ ____ ____ ______ ____ __ ___ _____ ____ ____ _____ ___ __ ____ ___ ___ ____ ____ ____ __ ____ ____ ____ __ ______ ________ _ ____ ___ _______ ___ ___ ___ _____ ___ ___ ___ _____ _____ ____ ____ __"
hikayat-054,____ ____ _____,"__ ___ _____ __ ____ ______ __ _____ ___ _____ ____ _____ __ ___ ____ ___ _____ _ __ ____ ____ ___ __ __ __ __ _______ ____ ____ ___ _____ ______ __ __ ___ ____ ____ _____ __ __ ____ __ __ __ ___ ____ ___ _____ __ ___ ___ ______ ____ ___ ____ _____ __ ___ _____ ___ __ ___ ______ _ ____ ____ __ ____ __ ____ _."
hikayat-055,____ __ ___ _____ ___,"___ ___ ___ _______ ___ ___ _____ ___ _ __ _____ _______  _____ _____ __ ______ _____ ___ ____ _____ ___ ___ _______ _____ ______ __ ____ __ _______ _____ __ ______  _____ _______ ______ ___ ___ ___ ______ ______ ____ _ __ ____ ____ ______ __ ___ ______ __ ____ _ ______ __ ______ __ ____ __ ____ _ _____ __ _____ ____ __ _____ ____ _ _____ ____ ___ _____ ___ _____ _____ _ ______ _____ ________ _ __ __ _ _____ __ _______ __ ____ ____ _____ __ _______ ___ ___ ____ __ ______ _______ _ __ ____ ____  ______ ____ ______ _ ______ ___ ___ ____ __ _____ ____ ____ ____ ___ ______ ____ ___ __ ____ _____  ______ __ _ ______ __ ____ ___ ___ ____ ___ ___ ____ __ ___ ____ __ _____ ____ _____ _____ ____ ______ __ _ __ ____ __ ____ ___ ___ ______ __ ______ __ ____ _ ______ _____ ___ ___ _______ ____ ____ __ _____ _____ ____ ____ _ ______ ___ _______ ___ ____ ____ __ ____ ____ ____ _____ ______ __ ______ ______ ____ _ _____ ______ __ ______ ______ __ __ _____ __ _______ _______ ____ ____ _ _____ ___ _____ _______ ____ _ __ ___ ______  __ _____ ___ _____  __ ____ _____ __ ___ _____  _______ __ ______ __ ____ __ ____ ____ ___ ____ ___ ___ _ __ __ ____ ___ ___ _____ __ _______ ______ ___ __ ___ __ ____ ____ __ _____ ____ _ ____ ____ ____ ____ ___ ___ ___ ____ ___ __ ____ ____ _ ____{ _____ ____ ____ ____ ____ __ _____ _____ ____ ____ _ ____ ____ ___ __ ______ __ ______ ____ _____ ______ ____ _ __ ____ ________ _______ ____ ____ _ __ _____ ___ ____ _ __ ______ _____ __ _______  __ ____ ___ _____ __ ____ __ _______  _____ _ ____ ___ _____ _ ____ ___ __ ______ _ __ ___ _____ __ _____ _______ _ ____ ___ _____ _ __ __ __ ____ __ ____ _____ ____ ___ ___ ____ ____ ____ __ _____ ____ _ ___ _____ ____ _____ ___ __ ______ ____ ___ __ ____ __ ____ __ ___ __ ____ __ __ ____ __ __ ________ _______  ____ ____"
hikayat-056,__ _____ ______,"__ _____ ___ ___ ___ ____ _____ _____ _____ _____ _____ ____ ___ _____ _____ _____ ______ ______ ____ ___ ___ _____ ______ ___ ______ ________ _____ ____ __ _____ _____ ____ ___ __ ___ __ ___ _____ ____ ____ ___ _____ _____ ____ ______ ______ ___ _____ ___ _____ ___ ____ _____ ___ ______ ___ ____ __ ______ _____ _____ ____ __"
hikayat-057,_____ ____ _______,____ _______ ___ ______ _ ____ ___ __ ____ ____ _____ _ ____ ____ ____ _.
hikayat-058,____ ________,"__ ____ ___ __ ____ __ ____ ___ ____ ___ ________ ______ _____ __ ___ ____ ____ ____ ______ _______ ____ ___ __ __ ___ _________ _____ _____ __ ___ ___ ______ ___ __ _________ ______ ____ ______ ______ ____ ____ ___ _______ ___ __ ___ ___ ___ ______ ___ ____ ____ ____ ______ ____ ____ ____ __ ___ __ ____ ______ ____ _____ ___ ____ ____ ____ ___ ___ ____ ____ ____ ____ ______ ______ __ ____	____ ______ ___ ____ __ ___ _______ __ ____ __ __ ____ ______ __ _____ __ ____ ____ ___ ___ ____ ______ __ ___ ___ _____ _____ ______ ____ ____ ____ ______ ______ ____ ______ ____ ____ ____ _____ ___ ______ ____ ______ ____ __ ____ __ ___ ___ ____ ______ ___ ______ ______ ____ ____ ______ ___ ____ ______ ____ ________ ____ ____ _____ ____ ___ ____ _____ ____ ______ ____ ____ _____ ____ ______ ____ ____ ____ ________ _____ ____ ______ _____ ____ _____ __ ___ ____ __ _______ ____ ____ _______ __ _____ ___ ____ __ ____ _____ ____ ______ ___ ___ ___ ________ ____ _____ ___ ___ ______ ____ ___ ___ ____ ____ ______ ___ ___ ________ ____ ___ __ ____ ____ _____ __ ___ ___ _______ ________ ______ ______ ____ __ ____ ____ _____ _____ _____ ___ ____ ___ ____"
hikayat-059,___ ___,"____ ___ _____ _____ ______ ___} ___ __ _____ __ ___ ____ __ ____ ____ ___ ___ ______ __ ___ ______ _______ _____ __ ______ ____ ____ _____ ____ ____ ___ ___ ___ _____ ___ __ __ ___ ____ ___ __ _____ _____ __ __ __ ______ ____."
hikayat-060,___ ______ ___,"__ __ ___ _____ ___ ____ __ _____ ________ ____ ___ _____ ___ ____ ______, ____ _______ __ _____ __ ___ _____ ____ _______ ___ ____ __ ____ ______ _____ __ ____ _____, ____ ____ _____ ______, ____ __ ____ __ _____ ___ ____ _____ __ ____ _______ ___ ____. __ ______ ___ ____ __ _____ _____ ___ ________ _______ ___ ____ _____ __ ________ ____ ___ ____ __ _____, _______ ____ _______ __ __ ___ ______ ____ ____ __ ______ _____ _____ ___ __ _____ ___ ______ ____. __ ______ __ _____ ___ __ ______ _____ ____ ______ ______ ____ __ _____ __ ____ ______ ___ _____ _______ __ _____ ____ __ _____ ____ __ __ ___ _____ _ __ ____ __ _________ ______ _ ____ ____ ____ ____ ____ __ ___ _____ ____ ____ ____ ___ __ _ __ ____ ____ ___ ____ ____ __ ____ ____ __ _____ _____ ______ ______ __ ____ __ : ______ _____ _____. _______ __ _____ __ __ _____ ____ ____ ____ ____ _____ ___ __ __ ____ ____ ____ ____ ____ ____ ______ ____ ____ ____ ______ __ _____ __ ____ ____ ____ ____ ._______ ______ __ ____ __ _____ ___ ___ ___ ____ ______ _____ ____ ______ __ __ _____ _____ __ ____ ____ _____ ____ ____ ____ ____ ____ _______ ____ ____ ___ _ __ __ __ ___ ___ __ ___ ______ ___ __ ____ _____ _____ ____ ____ ___ ____ _____ ____ ___ ____ _____ .__ ______ ______ __ ____ __ ___ _____ __ ___ ____ _______ __ _____ __ _____ ________ _____ __ __ _____ __ ______ __ _____ ___ _____ ____. ____ ___ _____ __ ______ ____,_______ __ _____ ________ ____ _______ ______ __ ____ __ __ _____ _____ ____ ____ _____ ________ _ ____ ______ ______ _ _____ ______ _____ ______ _ ___ ___ ___ ____ ______ _____ __ __ ____ _ ___ ____ ___ _____ ____ ____ ____ _____ ____ ___ ___ ___ ____ ___ _____ ____ ____ ____ __ __ _____ ____ ___ ____ _____ _______ _____ _ ____ _______ _____ ____ ___ _ __ __ __ _____ __ ______ ______ _ _______ __ _____ _____ ______ __ _________ ____ _____ ____ _____  __ ____ ___ ____ ____ _____ __ ____ __ _____ ____ ____ ______ ___ ___ ____ __ ___ ______ _____ _____ ____ ___ ______ ____ __ _____ ____ _______ ____ _____ ____ ____ __ _____ __ ___ ____ __ ____ _ ____ __ ___ ______ __ ___ ____ __ _____ ___ _ ____ _____ _ __ __ _____ _____ ____."
hikayat-061,____ ____ _____,"___ __ ______ ____ __ _____ ______ ___ ___ _________ _ ________ ______ ______ _____ ____ _______ _ ___ ____ _____ ______ ___ _____ ____ __ ___ ___ _____ _ ____ ____ __ __ ____ __ ___ ____ ___ _ ______ __ _____ ____ __ ______ _______ _______ ________ _____ ___ _____ _ ______ ___ ______ ______ ______ ___ _____ _____ __ ______ _______ _ ______ ___ _____ _______ __ _____ _ ____ ________ _ __ __ ____ _____ __ _____ _ ____ ___ ___ _____ _ ___ _____ _ _______ _ _____ _____ _____ _ ____ _______ ____ _ _____ ______ ___ ___ ____ _____ _____ ____ ____ ___ ___ ________ ____ ___ ___ ____ ___ ____ ______ _ _____ ____ ______ ____ __ ___ _____ ___ ___ _______ _____ __ ____ _____ __ ______ _ ___ ___ _____ __ _____ __ ___ _____ _______ ______ ______ ______ _____ _ _____ _____ _______ _____ ______ _______ _____ ___ ______ ______ ______ ____ ____ ______ ____ ______ ___ ______ __ _____ _____ ____ _____ ____ ______ ______ ____ _______ ______ __ _____ _______ ____ ___ ___ _____ _____ ______ ______ ___ ___ _______ _____ _____ ___ ____ ___ _____ __ ______ _______ ____ ____ ______ ____ _ ____ ____ ___ _______ _____ _____ __ ____ ______ ____ ___ ______ _____ ______ _______ __ ______ __ ____ ___  _________ _____ _ ____ _____ ______ ____ __ ___ ____ ___ ______  ___ ___ ____ _____ _ _____ __ ____ _____ __ __ _____ _ _____ __ ___ _ ____ ____ _____ _____  __ _____ ___ __ _____ __ _____ ____ ______ _ ______ ______ ______ __ ______ _____ _______ _____ __ ____ _____ ____ _____ _____ _____ ____ ______ ____________________ _____ ______ __ _____ ____ ____ ____ ______ _______ ___ _____ ____ _ ____ ___ ___ ______ _____ ______ __ ____ ___ ___ _____ ___ ______ ___ ____ _____ ______ __ ___ ______ ___ ____ ___ ______ ____ ____ ___ ____ _______ ____ ______ _ ___ _____ __ ____ ___ _____ _ _____ ____ _____ ______ ____ _____ _ ___ ___ _ ____ _____ ____ _____ ___ ___ _ ____ _____ _____ ___ ____ ____ ______ _____ ___ _____ _____ ___ ____ __ __ ____ __ _____ ____ _____ __ _____ ___ ___ ______ ____ ___ _____ ___ _____ ___ ______ _____ __ ____ ____ ______ ____ _____ __ ____ _____ ___ __ ___ _____ ________ ____ _____ ____ ___ ___ ____ _______ ____ ____ ___ __ _____ _ ____ _____ _____ ____ __ ____ ___ ______ ___ ____ ______ __ _____ _____ ___ ___ _______ ____ ______ ______ _____ ___ _____ ______ ______ _____ _____ ____ ___ ______ _ ____ _____ ___ ______ ______ ____ _ ____ ______ __ ___ _____ ___ ___ _ ___ __ ___ __ _____ ___ ____ ____ _____ ________ _____ _ _________ ___ ______ ___ ____ ____ _____ ______ ___ ___ ______ _ ________ ____ _ ____ _________ ____ __ ______ _____ ___ ____ _ ______ _____ _ ____ ___ __ ______ ___ ___ _____ ______ ____ _____ _____"
hikayat-062,______ __ ____ ____ _____,"___ _______ __ ___ ___ ___ ___ ___ ___ ____ __ ___ ___ ____ ____ ______ ______ _____ ______ __ ___ __ ____ __ _______ _____ __ ___ ____ __ ___ ____ _______ __ __ ____ __ _____ ____ __ __ ___ ______ __ ____ _______ _____ ___ ___ ____ ___ ________ _____ ____ ____ _____ _______ ____ ____ __ _____ _____ _____ _______ ____ _____ _____ __ _____ _______ ____ __ ______ ____ __ ___ _____ ____ ___ _____ __ ___ ____ __ ___ __ _____ ____ _____ ___ ___ ____ ___ ____ _____ __ _____ ______ ___ __ ___ _____ __ ______ _____ ____ __ __ _____ __ ___ _____ ____ __ ____ ____ __ _____ _____ _____ ____ __ ____ _____ ____ __ ____ ___ _____ _____ __ ____ ____ __ __ _____ __ ___ ____ ____ _____ _____ __ _____ ____ __ _______ ____ _____ ____ _____ __ ____ ___ ____ __ _____ __ _______ _____ ___ __ ____ __ ____ ____ ____ ____ _____ ____ _____ ______ _____ ____ ____ ____ __ ____ ____ _ _____ __ ____  __ __ ____ __ _____ 3 ___ ____ ____ __ __ ____ __ ____ __ _____ ___ ____ ___ _____"
hikayat-063,_____ ______,"_______ _____ *_____ ____ ____ ______ ___ _____ ___ _____ ___ _____ ____ _____ __ ____ _______ ______* ______ ______ ____ __ ______ ___ ____ ______ ____ ____ _______ _____ __ ______ ___ _______ ______* ____ ______ _____ ______ _"
hikayat-064,_____ ______ ______,____ ___ _______ ___ _____ ___ ______ ____ ____ _______ ___ ___ __ ___ __ ______ ____ _____ _____ _____ _____ __ _____ ____ __ _______ _____ ____ ____ ___ ______ ____ __ _____ __ ____ ___ __ _______ _____ ______ ______ ______ ___ ____ _____ ______ ____ ___ _______ _____ __ _____ __ _____ _____ __ ___ ___ ___ _______ ___ _____ ___ ___ _______ ___ ___ __ ______ ______ ____ ___ _____ ______ ___ _____ ______ ____ ___ _______ _____ _____ _____ ______ ____ _______ _____ _____ ______ ___ _____ ______ _______ __ ___ ______ _______ ___ ______ __ ___ ______ ______ ______ _____ ____ _____ ____ _____ _____ _______ ___ _______ __ ____ ___ _____ ___ __ ____ __ ___ __ ___ ____ __ ____ __ ____ _______ ____ ___ ____ ____ ____ __ _____ ___ ______ _____ ___ _____ _____ ____ ___ __ ____ __ ___ __ ____ ___ ___ __ __ __ ___ ______ _____ _____ _____ _____ _____ __ _____ ____ _____ ___ _____ ________ ________ _______ ________ _______ ___ _______ __ ____ __ ___ _____ __ ____ ____ __ _______ ___ ____ ____ __ ____ ___ ___ __ __ _____ ____ _______ ______ __ ____ ____ _____ __ _____ ____ ____ _____ ____ ______ ___ _____ _________ __ ______ _______ ________ __________ _________ __ ___ ____ ______ ___ ___ ____ ______ _____ ____ _____ _____ ________ ____ _____ _______ _____ ___ ___ ___ __ ___ _______ _____ ___ ____ ______ ____ _____ _____ ______ ___ ______ _______ ____ ___ _____ _______ ___ _____ ___ ___ _____ __ _____ _______ ______ ____ ___ _______ _____ ___ ____ _____ ___ ____ ___ ___ ____ ______ _____ ____ ______ ___ ______ ______ __ ____ _______ ____ ______ ___ ____ _____ __ ______ ____ _____ _____ ___ __ ____ _____ _____ _______ ____ ______ ___.
hikayat-065,____ __ ______,"___ ______ __ _____ ___ ____ ____ ___ __ ____ ______ _ __ ______ ________ _ __  _____ __ ____ ____ ___ ___ _____ ____ _____ ____ ___ ____ _____ ___ ____ _ __ ____ __ _______ ___ _________ _______ _ _ ____ ____ _____ _ _ ____ ____ __ ____ _____ _________ _____ _ _ ____ ____ __ ____ _____ ___ _________ _____ _ _ ______ ____ ____ __ _ _____ 3 ___ _____ ___ __ _ __ _____ ___ _______ ___ __ ____ _____ ____ ____ __ _____ ______  ___ __ ___2 _____ _______ _____ _ ______ ___ _____ __ ___ ____ _______ _______ ___ ___ ___ ____ ____ ____ __ ____ 10000 ____ _____ _ ______ _____ __ ____ __ _______ __ _________ _____ ___ _____ _____ _ ____ ____ __ ________ ___ _ _ ____ ____ ___ __ ____ _ __ ____ _____ _____ ___ ___ _____ ________ _____ __ ______ ___ ______ ____ ______ ______ ______ ______ _______ ___ _____ __ _______ _ _____ ______ ___ _____ ___ __ __ ______ ____ _ ______ ____ _____ __ ___ ____ _ ______ _______ __ _____ ___ ___ ___ _____ _ __ ____ __ ____ __ _ _______ ______ __ _____ __ ______ _____ __ ___ __ ____ ____ __ __ _____ __ ______  __ ___  ____ __ ______ ____ _____ __ _____ ___ ___ ______ ___3 _____ _______ ____ _____ ___ __ ______ _____ __ __ _____ _____ _______ ____ __ ____ __ ___ _____ _________ _____ ___ _____ _____ _ ____ ____ __ ______ __ ____ ____ _ _ __ ____ _____ ___ ____ _ _______ _____ __ ____ ____ ____ _____ ____ ____ _____ ___ _____ ____ _____ _____ ____ ____ __ ______ _ ____ ____ ____ ____ _ ______ ___ ______ ___ ____ ___ ____ _____ __ ___ _____ ___ ___ ___ _____ ___ _____ ____ ____ ____ __ _____ _________ _____ _ _____ _____ _ ____ _____ __ ____ __ _______ ______ __ _____ ____ ____ __ ____ __ ____ ___ _ _ __ ____ ________ ____ __ __ ____ _____ ____ __ ____ ____ ____ _______ __ __ ____ ____ _ __ ___ __ _____ __ ________ _____ ___ __ ____ ___ ____ ____ _ ______ ____ __ ___ ___ ___ __ ____ __ ____ _ ____ _____ _______ ____ ____ ___ ___ ___ _____ __ ____ ____ __ ______ _ ______ _____ ___ _______ ____ _ ____ ____ __ ____ ____ __ ____ __ ____ ___ _ _ __ __ ____ ____ _ __ ___ ___ ____ __ _____ _____ _____ ___ ______ ______ ____ ____ _____ _____ ___ ____ __ ______ ____ _______ _____ __ ___ __ ____ _ ____ ____ __ ____ ____ ____ ____ __ ____ ____ ___ _ _ ____ ____ _ __ _____ __ ___ _ ___ ___  (_____) ____ ____ ___ ___ ___ _____ ____ ____ ____ __ ______ ____ ____ _ ____ _____ ___ _____ _ ___ __ _____ ____ ____ _____ ____ ___ _ ___ __ ____ ___ ____ _____ ____ __ ___ ____ _______ ___ ____ ____ ____ _____ _____ ___ ____ ___ __ ___ _____ _ ____ _______ __ ____ __ __ ____ _____ __ ___ ____ ___ ___ ____ _ _ ____ ______ ______ __ __ ____ _____ _________ _ _ ____ ____ _____ _____ ______ __ ______ ________ ____ ____ _____ __ ____ ___ _____ ____ ____ __ _____ ___ ___ ______ ____ ____ __ _____ _______ ____ ____ ____ _ __ _____ ____ __ ____ __ ______ __ _____ ____ _____ _ __ ____ ___ ____ ___ ____ ____ __ ___ ______ __ _____ __ ____ __ ______ ____ __ _____ __ ____ ______ ____ _____ _____ __ ______  _______ _____ __ _____ _____ _____ __ ___ ___ _____ __} _____ _____ ____ __ _____ _____ __ __ __ __ ___ ____ ____ __ _____ __________ ______ _ ____ ___ ________ ____ _ ____ ____ __ _ ___ _____ ____ ___ ____ _____ _ ____ _____ _____ __ ___ _____ ____ ____ ____"
hikayat-066,_____ __ _____,"__ ___ ___ ___ _____ __ ____ ____ __ ____ ___ _____ ____ _______ _____ __ ___ _____ ______ __, ____ ___ _____ ___ ____ _____ ____ ______ ___ ______ __ ______ ___ ____ __ ______ _________ ____ ____ ______ _______ _____ ______ ______ __ ___ __ ____ _______ _____ __ ____ ______ _____ ____ ____ ____ ____ ______ __ _____ ___ ___ ______ _______ ___ ______ ___ __ _____ ___ _ ___ __ ____ ___ ______ _____ _____ ___ ____ ____ ____ _______ _____ __ ___ ______ __ ___ __ ___ ___ ___ __ ________ __ _____ ____ ____ ____ _____ ______ ____ ______ ____ ___ _____ __} ______ ___ ____ ___ ___ ___ _____ ____ ___ ____ ____ _______ ___ ________ _____ ____ ____ __ ___ _____ __ ______ _ __ __ ______ ______ _____ __ _____ _ _ ___ __ _____ ___ _____ ___ ____ ____ _____ _____ ___ __ _____ ___ ____ ____ ____ __ ___ _____ ______ ____ ____ __ ____ _______ ___ ______ _____ ______ __ ____ ___ __ ______ __ ___ ____ _____ _____ __ _______ ______ __ ____ ______ _______ __ ___ __ _____ __ ___ __ __ ____ ____ ____ __ ____ __ __ ____ ____ ___ __ _____ _____ __ ___ _____ ___ ___ ____ ______ ____ ____ __ __ ___ _______ ______ __ _____ ____ _______ ____ _ ____ _____} ____ ____ __ _____ ___ ______ ______ ___ _______, _____ __ __ _____ ____ _______ ___ ____ __ __ ______ ___ __ ___ _____ __ ____ ______ _, ___ ______ __ ______ ____ __ _____ _ __ ______ __ ____ _____ ___ __ __ ___ __ ____ _____, ___ __ _____ ____ ______ ___ __ ____ ___ ____ _____, _____ ________ _____. _____ ____ ____ ____ __ _____ _____ ___ ____ _____ _____ __ _________. __ ___ _________ __ ___ ___ __ ____ ____ ___ ____ _____ _____ ____ _____ _____ ___ _____ ____ _ __ __ _ ____ ______ _____ ___ _____ __ ___ ____ _ __ ____ ___ __ _____ _____ ____ ___ ____ ________ ____ ______.____ ____ ____ ___ ____ __ ______ ___ ____ _____ _____ ____ ______ __ ___ ___ __ ____ __ _____ __ _______ _______ ______ ____ __} _____ _____ ___ __ __ __ ___ ______ __ ______ _____ _____ ____ _____ _____ _____ ___ __ _____ _______ ____ ______ ___ _____ ____ ___ __ ____ ____ _____ _____ ___ ___ ___ __ _____ ____ ____ _____ ___ _____ _____ _____ ____ __ ______ _____ ______ ____ ____ __ ___ ___ ___ ___ ____ __ __ ______ ____ ____ ____ ______ ____ ____ _ __ __ _____ __ _____ ____ ______ ______. __ ___ ____ _ __ _____ ____ __ ___ ___ ____ ____ ____ _ __ __ ____ _____ _____ __ ____ ______ ______ ____ ___ __ _____ ______ ____ ____ _____ _____ _____ ______. _____ ___ ___ _____ ___ ____. ______ _____ ____ ____ _ __ ______ _____ __ ____ ___ __ ___ __ ____ __ ____ _________ __ _____ __ __ _____ ______ __ ____ _ ____ ____ _____ __ ____ __ __ _____ ____ ____ _ __ __ ____ ___ __ ____ ____ __ ____ ____ __ _____ __ _____ __ ____ ____ __ ____ ___ ____ _ __ _____ _____ __ _____ ___ ___ ____ _ __ __ ____ _______ ___ ___ __ ______ __ _____ __ ___ _____ __ ____ ____ __ ____ _____ ____ ____ __ ___ __ ____ __ ____ __ ____ ____ _ __ _____ _____ ____ __ __} ___ __ ______ __ _____ __ ___ __ __ ____ _____ ______ ____, ____ ___ __ ___ __ _____ ____ _____ _____ ___ __ __ __ ____ ____ ____ _____ _____ ____ ______ ___ ____ _____ ____ _____ ____ __ ___ ____ _______ ___ __ _____ ___ __ _____ ____ ____ ___ __ _____ ___ ____ __ ___ _____ ___ ___ ___ _ __ __ ______ __ ____ _.____ __ ____ __ ____ _____ ___ __ ___ _______ ______ ____ ____ ______ ____ _____ ____ ____ ______ ____ ____ ______ __ ___ _____ ____ ______ ___ __ ____ __ __ ____ ____ ____ ____ ______ ______ ____ ___ ___ ___ __ ____ _______ ___ ____ __ ___ ___ ____ ____ ___ __ ___ _____ ____ _____ _____ __} ___ __ _____ ____ ______ _ __ __ } _____ __ __ __ ___ ___ ____ _____ __ ______ __ _____ ____ ___ __ _____ ____ ____ ___ __ ____ __ ___ ______ ____ __ ________ _____ __ ______ _ __ ___ ___ _____ ____ _ _____} ______ ____ __ ______ _ __ ______ ___ ______ _____ _____ __ ______ _____ _ ____ _____ _____ ____ ______ __ _________ _ __ _____ ___ _____ ____ _ __ __ _____ ______ _____ __ ____ _______ ____ ___ __ _____ ______ _____ _______ ______ _____ __ __ ___ __ __ __ ______ __ ____ _ ____ ______ ____ _____ _______ ___ ___ __ ___ ____ ____ __ _____ __ ____ _____ ____ __ _____ ___ ___ ____ __ __ ___ ___ ____ ____ __ _____ ___ ___ ____ _________ _____ __ ______ ____ _____ ____ ____ _____, ___ __ __ ____ ___ ___ ____ _____ __ ___ ___ ____ ______ ___ ____, __ ___ _____ _____ __ _____ ____ ___ __ ____ ___ __ ___ ____ ___ ____ _ __ __} __ ____ _ __ __ __ __ ____ __ ______ ____ _____ ______ _____ _____ __ ____ ___ ____ ____ _____ ____ ____ _____ ______ _____."
hikayat-067,______ __ ____,"___ ____ _____ ___ ____ __ ______ ____ __ ___ ______ ___ ____ ___ ______ ____ _____ ___ ___ ___ __ ____ __ ______ _____ ____ ______ ____ ____ ____ ____ _ .______ ___ ___ ____ __ _____ __ ______ _____ ___ ______ _____ _____ ___ ___ ____ __ _____ ___ ____ ______ ____ __ ____ _____ __ ______ ____ ____ __ ____ __ _____ __ ______ ____ ____ __ ____ __ ___ ____ ____ ___ ______ ____ __ ____ __ ____ ___ ____ _ __ __ ___ ___ _____ __ __ ____ ____ ____ ____ ____ ____ ___ _____ ____ _____ ____ ____ __ ____ ___ ____ ______ ______ __ ____ __ ____ ____ _ ____ ____ ____ __ ___ ____ __ _____ ____ ____ ______ ____ __ ____ _____ _____ ____ _____ ____ ____ _ __ ____ ____ _____ ___ ____ ____ ___ ___ ___, _____ _____ _____ ______ ____ __ ____ ____ ____ ___ _____ ____ ____ ____ ____ ______ ____ __} ____ __ ______ ____. ____ _____ ____ _____ _____ ____ ______ __ _____ ______ ____ ____ _____ __ ___ ____ ____ __ __ ____ __ ____ ______ _________ _____ _____ ____ __ __ __ _____ ___ ____ __ __ ______ _____ _______ ______ ______ ___ _____ ____ ____ __ __ ___ __ ____ ______ __ ___ _____ ___ ____ __ ____ ____ _ __ ______ ____ ____ ______ __ ___ ____ ___ ____ ____ ____ ____ ____ __ ____ ___ __ ___ __ ___ _____ ____ ______ __ _____ __ ____ ___ ______ ____ ____ ___ ___ ____ ___ ____ ____ __ __ ___ ______ __ ___ ______ _____ _____ __ ____ _____ ____ _ ___ _____ ______ __ ___ _____ ____ ____ __ ______ ___ ___ ______ __ __ ___ ___ ____ ____ ___ _____ ______ _____ ____ _____ __ ____ _____ ________ __ ____ ___ __ ____ __ _____ __ ____ ____ __ _____ __ ____ ___ _ ____ ______ ____ _ __ ____ ____ _ __ ______ __ __ ___ ____ _________ __ _____ __ ____ ____ ____ _ ______ ____ ____ _ __ ___ ____ __ ____ __ ____ ______ ___ ___ __ ____ ____  tax _____ ___ _____ ________, __ ___ ______ __ ____ __ ____ ____ _ ____ ____ _____ __ __ _____ ____ __ ____ __ _____ ______ ___ __ ____ __ ___ _____ ______ __ __ ____ ___ _____ ___ _____ __ ____ ____ _ __ ___ ______ ____ __ ____ ___ ___ __ ____ ____ ____ ______ ____ ___ ___ __ ____ ____ _____ ______ __ ______ __ _____ _____ __ ______ ___ ____ ____ _____ ______ ____ ____ __ ____ ____ ___ _____ _____ __ _____} ___ _____ __ ___ _____ _____ _____ 2-3 __ ____ ____ ,____ ____ __ _____ _ __ ____ ____ ___ _ __ __ ____ _____} _ ____ 4 __ ____ ____ ,_____ _____ _____ _____ ____ _________ __ _____ __ __ ___ __ ____ ____ _ __ _____ ____ ____ __ ____ ______ __ _______ ____ ____ ____ ___ _____ ____ ______, _____ _____ ______ __, ____ _____ _____ __ ________ _____ ____ _ ____ ____ ____ _____ _____ __ _____ _____}______ _____ ____ ____ ____ _____ ______ ___ ___ ______ ______ ___ ____. __ ____ __ _____ __ ____ ____ ____ ______ ______ ____ ____ __ ____ __ ___ _____ ____ _____ ____ ____ _____ ____ ___ ______ __ ______ ___ _____."
hikayat-068,____ __ ____ _____,______ __ _____ __ ____ __ ___ ____ __ __ ___ ___ ___ ___ _____ __ _____ _____ ___ ___ _____ ____ ________ ____ __ _____ __ ___ ____ _____ __ _____ ____ _____. _____ ___ ___ ___ _____ ___ _____. __ ___ ___ ___ ___ ____. _____ __ ___ ___ __ ___ ___ ___ ___ _____ ____ ___ _____ ____ __ ____ ___ ____ ___ ___ ____ ___ __ ___ __ _____ ___ ___ ___ ____ ____ __ ___ _____ ______ ____ ___ ___ ____ ______ ____ ____ ___.
hikayat-069,___ ___ ____ __ ____ ___ _____________,"___ ___ ____ ( SKY LARK ) _____ __ : __ ____ __ ____ __ _ ___ : ______ ______ ____ : _____ ___ ______ ___ ____ __ ____ ___ ____ __ ___ _ _____ _____ ____ ____ __ ___ __ __ ____ _ ___ _______ ______ _____ ____ ___ ___ _ ________ ___ ___ ___ ______ _ ________ ___ ___ ___ ______ ___ :___ _ _____ ___ ___ ___ : __ _____ ___ __ ____ _ ____ ____ _ ____ ____ ___ ______ ____ __ :__ _____ ___ __ ____ _ ____ ____ ___ _____ ____ : _____ __ ______ _____ __ ______ ___ _____ _____ ______ _ ( ___) ___ ___ _____ _____ _ __ ___ : ____ _______ _ ____ : __ ____ _______ _________ ____ _____ _______ _ ____ ____ ___ _ ____ : ___ ___ __ __ _____ ___ __ ____ _ ___ _____ ___ ____ __________ _ ____ __ : __ _____ ___ ______ ___ _____ ____ __ ____ _____ _____ _____ __ ____ _____ ______ _ ____ ____ __ ______ ___ _____ ____"
hikayat-070,____ _____,_____ _______ _1 __ ___ __ ______ _ _ ___ ___ ____ ___ ____ __ _____ __ ___ ___ ___ ______ ______ ______ ___ ____ __ __ ____ ____ _______ ___ ___ ____ ___ ___ __ ____ ___ ____ ____ _____ ___ __ ___ ___ ____ ____ __ ____ ____ _____ ____ ___ _____ ____ ___ ________ ___ _____ ______ ______ _______ ____ ___ ___ _____ __ ____ _____ ___ __ ___ ___ ___ ____ __ ____ __ ___ ____ ___ ___ ____ _ _ ____ ____ _ _ ___ ___ ___ _____ ___ __ ____ ____ ______ ______ _____ ___ __ ___ _____ ____ ____ ______ ______ _____ ___ _____ ______ ____ _____ ___ ______ ___ ____ _____ ____ ______ ____ __ _____ ____ ______ ______ ______ ____ __ ___ __ ____ __ ___ __ __ ____ ____ _ _ __ ____ ___ _____ _______ ___ ____ ______ ____ _____ ___ ______ ____ _____ _____ __ ____ __ _____ __ _____ ______ ____ _____ __ ______ ___ ____ _____ ____ __ ____ _______ ______ _____ ____ _ _ ______ ___ ___ _____ ____ ____ _____ __ ____ __ ____ ___ ___ ____ ___ _____.
hikayat-071,_____- ____ ___ ______,"____ __ _____ ____ ___ __ _____ __ ____ _____ ___ ___ __ _____ _______, ___ __ ___ _____ _____ _____ __ ____ ____ ____ __ __ __ __ __ ___ __ ______ ____ ____."
hikayat-072,____ __ _____,"____ __ ____ __ ____ ___ ____ _____ __ _____} ___ _____ __ ___ _____ _____ _____ ___ __ ____ _____ _____ __ ____ ___ ____ ____ . _____ ___ __ _______ __ ______ __ __ ____ ____ ___ __ __ ____ _____} _. ____ ___ __ ____ _____ ____ _______ __ ___ _____ ____ ______ __ ___ ____ _____ ____ _____ ____ ____ __ ____ _______ __ _______ _____ ____ ___ _____ ____ ______ _____ _____ _______ ___ __. ____ _____ _____ __ _______ _____ ____.____ ____ ____ _____ _____ ___ __ _____ _____} ______ _____ ____. ____ ________ __ ______ ______ ______ ____ ____. __ ____ __ _____ __ ____ ____ ____. ______ ______ ____ _____ __ ____ __ ____ _____ _____ __ ___ ____ ____ ____ _____ _____ ___ ______ __ ______ ___ ______"
hikayat-073,____ ____ ____,"____ __ ___ __ ___ ______ _____ __ ______ ____ __ ___ ______ _____ ____ ___ _____ ______ ____ ____ ____ __ ___ __ ___ ____ ____ __ _____ ___ ____ ___ __ ___ ____ ____ ____ __ ______ _____ __ ___ ___ ___ _____ ____ ___ ____."
hikayat-074,_____ _______,"_________ __ _____ ______. _________ ________. ____ _____ ______ _____ ______ ____ ____ ____ ___ _______ ____ ___ _____ _____ _______ ________ __ ____ ____ ________ _____ _______ ________ __ ____ _____. __ ____ ______ _ _____ ________ ___ ___ ___ ________ ___ _____ __ _____ _____. __ ____ __ _____ _____ ______ _____ __ ___ _____ ___ ____ __ ___ _ ____ ___ ___ _____ ___ ___ __ ____ __ __ ____ ____."
hikayat-075,____ ______ _____ _______,____ 151-_____ ______ ______ ____ _____ __ ____ ___ _____ ___ _____ ____ _____ ______ _________ __ __ _____ ____ ____ _____ _____ _____ ______ ____ ___ __ __ _____ _____ _____ __ _________ ._____ ___ _____ ______ _________ . ____ _____ ___ _____ ___ __ __ ___ ________ _____ _________ _____ _____ ______ _____ ___ _______ _____ _____ ____ _______ ____ ______ _______ _________ _ ____ ______ _____ ________ __ ____ ______ _____ _____ _____ ________ _____ ______ __ ____ _____ _____ _____ _______ _____ _____ _____ _____ ____ _____ __________ ____ _______ ____ _________ ______ ______ __________ . ____ ____ __ ________ __ ___ _____ ___ ____ ________ ___ ___ ______ _____ __ ___ _______ ___ _______ _____ ___ __ ___ ______ __ ____ _____ ______ _____ ___ ______ ___ ______ __ _____ ___ _____ ___ __ ______ ______ ___ ______ ____ ______ ____ ________ _______ ______ ____ ____ ______ ________ __ ____ __ __ _____ _____ . _______ __ ___ ______ _______ ___ _______ _______ ____ ________ ___ _______ _________ _________ ___ _____ _______ ________ __ __ ______ __ ____ .
hikayat-076,_____ ___ __ _____ __ 70 _____ _______ _,"___ ___ __ ___ _______ ___ ___ ____ ____ __ _____ _____ _______ __ ____ _______ _____ _____ ______ _ ____ __ ____ __ ___ __ ____ ____ __ ______ ________ __ _______ __ _____ ___ _______ ______ _____ _______ __ ______ __________ ______ ____ ____ _____ _____ ______ ____ ____ ______ __ _______ ____ ________ _____ __ ___ ________ ______ _________ ________ ____ _____ _____ ____ _____ _______ ____ ____ ____ ____ _____ _____ _ ____ ____ _____ ______ ____ ____ ______ _____ __ ___ ___ ___ _____ ____ ____ ____ _____ _ __ _____ ______ _______ _____ _______ __ ____ ____ ____ _____ ____ _______ __ ____ ___ ____ ____ __________ __ _________ ____ _______ __ ________ ______ _________ ____ _______ _______ ____ _____ ___ ________ ____ ___ ______ ____ __ _________ ________ __ ______ __ ___ __________ ___ ____________ __ _______ __________ ___ ____ _______ ____ ___ _______ ___ ___ ____ __ ___ _ __ ___ ____ _ ___ _____ ________ ___ ______ ________ _____ ______ _____ __ ______ ____ ____ __ ___ _______ ______ _______ _____ _________ ______ ___ ______ _____ ____ _ ____ ____ _____ _______ __ __ ____ ____ ____ _ _____ ____ ______ _________ _____ _____ ______ __ ___ __ _________ ________ ______ _ ________ __ ______ _______ ______ ___ _______ ________ _ ___ ________ _____ _________ ___ ______ __________ __ __ ____ ___ ____________ ____ ________ ______ ___ __ _____ _____ ___ ______ ________ _______ ___ _________ ___ ________ _______ _ _____ _____ ____ ____ ____ __ __ __ ____ ______ ______ _________ ______ _______ ____ __ _____ _ __ ______ ___ ______ _ ______ ____ ________ __ ________ _______ _______ _______ __________ _________ ___ ______ _______ __ __ _____ ____ ____ _ ____ __ ______ ____ __ _____ __ __ ______ ______ __ __ __________ _ ______ _________ ____ _____ ___ ___ ___"
hikayat-077,__ _______,"_____ ____ __ ____ __ ____ __ ______ ____ . ____ ____ __ ___ __ _____ ______ __ __ __ ____ __ __ ____ _ _____ __ _____ __ ____ __ ___ _______ __ ___ __ ____ _____ ___ ____ ___ ____ __ __ ____ __ ___ _______ __ ____ __ __ ____ _ ___ ___ __ ____ _ __ ____ ______ _____ ___ ____ _____ _____ _____ ______ ___ ______ ______ ___ __ ___ __. ______ __ _____ : ___ __ ___ _______ __ ___ __ ___ ________ __ ___ __ _____ _______ __ ______ ___ __ ____ ____ ___ __ ___ _______ __ ____ ___ _____ ____ _ __ ___ ____ ___ _ _____ ______ ____ _ _______ __ ______ ____ _____ ___ _ ____ __ ____._____ ___ __ ___ __."
hikayat-078,___ _____ Ğ ______ __ ___,"______ ___ _____ __ _ _ ____ ____ __ ___ __ _____ ____ ____ ___ ___ ____ ____ ___ ____ ___ _____ __ ___ ____ ____ __ __ ____ __ ___ _____ _____ __ ____ ___ ____ _____ _____ __ ____ __ ____ __ ______ ___ _ ____ ____ _______ __ ______ _____ __ __________ ___ ____ ____ _____ __ _____ ___ _____ _ __ __ __ ___ ____ _____ _ . ____ ___ _____ ___ ____ _ "" ___ __ ___ __: ____ ____ ___ __ ___ ______ ____ __ ____ ___ ____ __ _____ ___ ______ ____ ____ ___ _____ _ ____ ___ _____ ____ __ _____ _____ ____ ____ ____ ____ ____ ___ ________ ___ ____ __ ___ _ __ ____ __ ____ _____ ___ ___ ____ ____ ___ ____ _____ ____ _____ ___ _____ _____ ___ ____ __ _____ __ ____ ___ _____ __ ____ ____ __ _____ ____ ___ vomiting ____ _____ __ __ ____ ____ ____ ____ Ğ __ ___ ____ _____ ___ _____ ______ __ ____ ___ ___ ____ ____ _ ___ __ ___ _ _____ _ _______ _ ____ ____ ______ _____ ___ ___ _____ ____ ____ ____ _____ ______ __ ____ _____  ____ _ ___ ____ __ _____ __ ____ ___ _ ____ ___ ___ _______ __ __ _____ ____ _ _ ___ __ ____ _ ____ ____ ____ ____ _____ ___ ____ _ ____ _ ___ _____ _ ___ ______ ____ ___ __ ____ __ ______"
hikayat-079,______ ______ _______,"___ _____ __ ______ __ ____ __________ _ __ ___ ____ _____ __ ____ __ ______ ____ ____ _ _______ _______ __ ____ ___ _____ _____ ____ __ _______ _________ __ ___ ____ __ ____ ____ _ _____ __ ____ ___ ____ ______ ____ __ __ ____ __ _____ ____ ____ _ ____ ______ ____ _____ _ _ __ ___ __ ______ ____ _ __ __ ____ ____ _____ __ ___ __ ______ ____ ____ __ _____ ____ __ _____ ____ ___ _____ ____ ____ __ ____ _____ _______ ___ ______ __ _____ _____ ___ _____ ___ _____ ___ _______ ______ _____ ___ _________ ____ __ _____ _____ ____ _ ___ __ _______ _____ ____ ____ ____ __ _____ _____ _____ __ ___ __________ __ ___ __ __ _____ __ ____ _____ _____ _____ __ ______ ____ ____ ____ __ ______ __ ____ _____ ______ ___ ____ __ _____ ____ ______ ___ ____ __ __ ___ _____ ___ ___3 _____ ____ ____ __ _____ ____ __ _____ _____ ___ ___2 _____{ ______ __ ____ _____ _____ _____ __ _____ __ _____ ______ ____ _____ _____ __ ____ ____ _____ __ _____ ______ _____ __ ___ ____ _____ ____ _____ __ ______ ______ ____ _____ ___ __ _____ __ _____ ______ ___ ___ ____ __ Õ____ ____ __ _____ __ ____ ____ _ _____ _____ ___ ________ ___ ___ _____ __ ___ __ ______ ____ _____ __ ____ __ ______ _______ ______ _____ ______ ____ _ ___ __ ____ ____ ___ ____ __ ____ _____ _____ ______ ____ _____ ____ ____ ____ ______ _____ ___ _____ _____ ______ _____ __ ______ ______ __ ___ ________ __ ___ ______ ______ __ ____ ______ ___ __ ______ ____ __ ____ ____ ____ ___ __ __ ____ ____ _____ __ ___ __ _______ ____ __ __ ____ ___ ____ ______"
hikayat-080,_____ _____ _______,"____ ____ _______ _ _ _______ ____ __ ____ _____ __ _____ Island __ ___ _ ____ ____ __ _____ ____ __ _____ _.____ __ ______ __ _ __ ____ _ ______ ___ _____ _. ______ ____ __ _____ _ __ __ _____ ______ _____ ______ ____ _.__ _____ ______ _____ _______ ______ ____ __ ____ __ ____ ___ ____ __ _____ ___ ______ __ ________ ____ ___ Jailer ___ _____ ___ ________ _____ __ jailer ___ ___ __ ____ ______ __ ___ _____ ___ ______ __ _____ ___ _______ ______ ______ _____ ___ ____ _____ _______ __________ __ ____ __ _____ ____ _ ____ _____ __ _____ ___ ______ _______ ____ ____ ____ __ ______ __ _____ _____ __ ___ __ ____ _____ __ _____ (Island) ______ __ _____ __ ___ __ _____ __ ___ _."
hikayat-081,_____ ________ ___ ______ ____ ______,"___ _____ ____ _______ _____ _ ______ __ _____ ___ __ ________ ...
______ ___ _______ ___ __ __ _____ ______ _ ___ ___ ___ __ ____ ______ _ ____ ____ _____ ____ _____ _____ _____ _____ ... _____ ______ _ __ _____ ___ ____ _____ ___ ______ ___ _____ _____ ______ __ _______ _____ ____ ___ ___ ___ __ ___ ___ ____ ______ _ ___ _____ _____ ____ __ ___-___ _____ ____ _______ _____ ___ ___ __ __ ___ __ ______ _____ __ _____ _ ____ ___ ______ ___ ____ ___ _ ______ _ ______ __ ___ _____ _ _____ ____ ____ ___ ________ ... __ ___ ___ _______ ____ _____ _______ _____ __ ____ ___ ____ _____ _____ __ ____ __ _____ _____ . _____ ______ : ___ _____ __ __ ______ __ ___ ____. ____ ____ ______ ______ __ _______ _______ _____ __ ____ _____ ____ ______ _____ _ ____ _____ __ _______ ___ ______ __ ____ ______ ...____ _____ __ ______ !! ____ __ _____ ___ ___ ____ ____ ___ ____ _____ .. __ ___ ______ ___ ____ ______ __ _____ _ ___ ___ ____ _____ : ____ __ __ ____ !!____ ____ _____ ____ ____ ___ ___ !!____ ___ ____ __  _ _____ _______ ____ _______ ______ ___ ______ ____ ______ ________ ______ ___ __ _______ ____ ____ : ______ !!_____ !! ____ ___ ___ __ .____ _______ - ___ ___ ______ _____ ___ ___ ____ ____ ____ ..!!!!"
hikayat-082,____ ____ ____ ____,"___ ______ __ ___ ____ _____ _____ ___ ___ ____ ____ _______ __ ______ ______ ____ ___ ____ __ _____ __ ______ _____ ____ __ ____ __ ___ __ ___ ___ ____ __ __ ___ ___ _______ __ _____ _______ ____ ______ _____ __ _____ __ _____ __ ___ __ _______ ____ __ ______ ______ ___________ __ ____ _ ____ ______ _____ __ ____ _____ ___ ___ __ ___ ___ _________ __ _____ _____ _______ _____ __ _____ __ _____ __ _ ___ _____ __ ____ _______ __ _____ ____ __ _____ __ ____ ____ ____ _____ ____ _____ __ ______ ____ __ __ ______ _ _____ __ ______ ___ _______ ______ ___ ____ __ ______ _____ ___ _ __ ________ ____ ______ _________ ________ ______ _ ___ __ _____ _______ __ ____ __ __ _________ ___ __________ ____ _____ _ __ ______ ____ __ ____________ ___ ________ ___ __________ __ ___________ __ _____ __________ _________ __ ____ _____ __ _____ ________ _____ _____ ____ ____ ________ _______ __ ___ __ _____ __ __ ____ __ ___ ____ __ __ ______ _"
hikayat-083,___ ____,"____ 90- ______ ___ ___ __ ____ _____ _______ ___ ____ __ ___ ______ _______ ___ ____ ______ ___ ___ ___ _______ _____ __ __ ____ __ ___ ____ ____ ____ __ _____ ______ ___ ________ __ _______ ______ ___ ____ ______ __ _____ ___ ______ ________ _____ __ ____ _____ ___ ____ __ _____ __ ___ ___ _____ _____ __ _____ ___ ___ ______ ______ __ ____ __ ___ ___ ____ __ ____ ___ ___ _____ ____ ____ _____ ____ _____ __ ___ ____ ____ ___ _____ ___ ____ ______ __ ___ __ ____ ____ _____ ____ _____ _____ _ ____ __ ___ ____ ___ ____ ____ ___ _____ _ ________ ___ ____ ____ __ _____ ____ ______ ___ ____ _____ _______ ______ ___ __ __ ___ _____ ______ ______ __________ ____ _____ ____ __ ____ __ __ ___ _____ _____ ____ ___ _____ ______ ____ _____ __ ___ ______ _____ _____ ______ ___ ___ ___ _____ ___ __ ______ __ ___ ___ _____ ____ ___ _____ ___ ____ _____ ___ _____ _____ _____ ____ _____ ____ __ ____ ___ ____ _____ _____ ___ ____ ____ _______ ____ ___ ___ __ __ __ ____ ______ __ ___ ______ ____ ___ __ ______ _____ ____ _____ _____ __ ___ _____ ___ __ ______ ______ ___ _______ ____ ___ ___ ______ ___ ____ ______ ______ __ __ _____ _____ _____ _____ _____ ____ ____ ____."
hikayat-084,___ __ ___,"_____ _____ __ ________ ____ _____ ____ _ __ __ _____ ___ ________ _____} ____ __ _____ ___ ___ __ ____ __ ___ __ ______. _____ __ _____ __ ______ _____ _____ _____ _______ ____ ___ ________ _____ _____ __ ____ __ __ ______ _______ _ ____ _____ ___ _____ ____ ___ ___ ____ ___ _____ _________ ____ ___ __ ____ ____ ______ ___ ___ __ ___} _______ ________ _____ ____ ____ ___ _____ _____ __ ________ ___ _____ _____ _____ ___ ___ ____ ____ _____ ____ __ ____ _____ ___ ___ __ ___ _____ _______ _____ _____ ____ __ _____ ____ __! ____ ______ __ ____ ______ ___ ___ ____ __ _____ ________ ____ _____ _____ __ ___ _ __ __ ____ _____ ______ ____ __ __ ________ ____ _ __ _____ ______ ______ ____ ___ ____ _ __ ____ ___ __ ____ _____ ____ _____ ____ ____ _ __ __ ______ __ ____ ______ _____ __ ____ _____ _ ____ _____ __ ______ _______ _____ ____ __ _____ __ ____ _____ ____ _____ _____ ____, __ __ ____ ______ ______ ____ ____ __ __} _____ ______ ____ _____ ______ ____ _____ _____ _______ __ _____ _____ __ ____ ____ ____ _______ ___ _____ ______ __ ____ ____ ___ ___ ___ __ ______ ___ __ ____ _____ __ ____ ___ _ __ _____ ___ ______ __ ____ _____ ____ __ ________ ____ _ __ _____ _____ _ ____ _____ ____ ____ _ __ __ _____ _____ ___ _ ____ ____ ______ _____ _ ____ __ ______ __ ____ ______ __ _____ ____ _____ ___ ____ ___ __ ____ ______ __ _____ ______ _ ____ ______ ___ __ ________ ____ _ __ _____ ___ ____ _____ _____ _ ____ __ ___ _____ ____ _ ____ _____ ___ __ ____ __ ___ ______ __ ____ ____ _____ _____ ____ ____ ____ _ __ ____ __ ______ __ _____ ______ ____ ____ _____ ____ ____ _____ ___ ___ __ ____ ____ ____ ________ __ _____ __ _____ ____ __ ________ ___ ___ _____ __ ____, ______ __ ______ ____ ____ ___ ____ __ __ ___ ___ ____ ____ _ ____ _____ ____ __ ______ _____ ____ __ __ __ __ ___ ____ _____ _ ____ _____ ___ _____ ____ ____ __ _____ ____ ____ __ ___ _____ ____ ___ ____ __. ____ ____ _____ __ ____ ____ ____ ___ ____ __ ____.____ __ ____ ______ ______ _____ ______ _____ ____ ____. ____ _______ ____ ____ _____ _____ __ _________ ____ _____ ____ __ __ _____ __ _______ __ _____ __ _____ _______ ____ ______ ____ __ ______ __ ____ _____ ___ ____ ____ ____ _____ _____ __ ____ _____.	______ __ ___ ____ ___ ___ __ _____ _____ ____ ___ ___ __ _____ ______ ____."
hikayat-085,_____ _____,"___ _ __ ____ __ _____ ___ ___ _______ _______ _ ______ _______ _____ ______ ____ __ ____ _____ ____ __ ______ _____ _ ____ __ ____ __ __ ____ ___ ___ ______ __ ____ ___ ____ ______  _____ ___ ____ _____ _______ _ ___ ___ __ ___ _____ ____ __ ______ _____ ___ __ _____ _ ____ ___ ______ ___ ___ __ ______ _ ____ __ ____ __ ______ _ _____ ___ _____ _____ _ _____ __ ___ _ ____ ____ ______ _ __ ___ ______ ___ ______ _ ____ __ _ ____ __ ______ ___ ______ ____ ___ _____ _ ___ ______ ___ ___ ___ ___ _____ __ ___ ___ _____ _____ _ ____ ___ ______  ___ ____ ___ ____ _ ___ ____ ___ __ ______ ___ ______ ____ _ ____ ______ _____ ___ ___ _______ ____ __ ___ ___ ___ ____ _____ ___ _____ ____ _____ _ __ ___ ________ ____ ____ ______ _ ____ __ __ ____ ____ __ ______ _ __ ____ ______ ____ ___ ____ _ ____ ______ _____ ______ ___ _____ _ ____ ______ __ ____ ___ ___ ____ __ __ __________ ___ ____ _ ____ __ __ ____ __ ____ ____ _____ __ ___ _____ ____ _____ __ ____ _ ______ ____ _____ ____ ___ ______ ____ ______ _ ____ _____ __ ______ ____ ___ _____ ______ _ _____ _____ ______ ______ ____ _____ _ ____ _______ ___ ______ ____ __ _____ ____ ___ ______ _ ___ ____ _____ _ ____ ____ ____ _______ __ ___ ______ _ ____ __ ______ _ ______ __ ____ __ ______ __ _____ _ ___ ______ ____ ________ _ _____ __ ___ ____ ______ _______ _____ __ ____ _ ______ ______ _ ____ __ ___ ___ _____ ___ ... ____ ____ ____ __ ____ ___ ___ __ __ ____ _____ ___ ___ _____ ___ ______ ___ ___ __ ______ _____ _ ___ ___ __ ___ _ ____ ______ ____ ____ ______ __ ____ __ ______ _ _____ _ __ ___ ___ ______ ______ ______ __"
hikayat-086,__ ______ _______,____ _____ __ ____ ____ ____ ____ ______ ____ ______ _______ ______ _____ ____ __ ____ ____ ____ ____ _______ ____ ___ ____ ____ ___ ______ ____ ____ ___ ____
hikayat-087,____ _ _,"_____ __ _ __ ____ ____ _____ ___ ____ _ ______ __ _____ ___ _ ____ ______ ______ ____ (_____) _ ____ _______ ___ ______ ____ __ ____ ________ _ __ _ ____ __ _____ ____ _ __ _____ _______ _ _____ _____ _______ _____ _ ____ ________ ______ _________ ____ __________ _ _ _______2 _____ ______ _________ _____ _______ ______  _____ __ _______ _ _ ______3 _____ ____ _ ____ _____ ______ _____ _ ______4 _____ ___ __ ____ ____ ______  __________ _ _ ____ ________ (5 )___ ___ ____ ___ _ ____ ____ ______ ______ _ ___ _____ ___ ____ ___ ____ __ ___ _____ _____ ____ _____ ___ ___ _________ ________ __ _________ __ __ ______ _____ __ ___ __ ____ ___ ____"
hikayat-088,___ ____,"__ ___ ___ __ ___ ____ ____ __ ______ ____ ____ ___ ___ ____ __ ____ __ _____ __ __ _____ ______ __ _____ __ ______ ____ ___ __ ____ _____ ______ ______ __ ___ __ ______ ___ ____ _____ _______ ____ __ __ ___ ____ ____ __ ______ ____ ____ ______ ___ ___ ___ _____ __ ____ __ _____ ___ _______ ____ _____ __ _____ _____ ___ ___ ___ __ ___ ____ _____ _____ ____ _____ ___ _____ ______ __ _____ ____ _____ ___ __ ____ _____ ___ __ ______ ___ _____ _____ ____ ____ ______ _____ __ ___ ______ ____ ____ _____ _____ _______ ______ ____ _____ ______ _____ ______."
hikayat-089,_______ _______,"____ 122- ______ ___ ___ __ ___ _________ ____ ___ ___ ______ ________ _____ ___ _____ ____ ___ ___ _______ ____ __ _____ __ ____ ___ ___ _____ _____ _ ____ __ __ ___ _____ _______ ____ ______ ____ ______ ____ ______ ______ ___ ___ _____ _____ ____ ____ ____ __ ___ _______ ____ ____ ______ ____ ______ _ ___ ___ ___ ___ ______ _____ ______ ____ ___ _ ___ _ ____ _____ ___ ______ ___ _____ ___ ______ __ ___ ______ ___ ____ __ ____ ___ ______ ____ _______ __ ___ ____ ____ ____ ____ ___ ______ ____ ___ ___ _____ _______ _______ ____ ____ __ ____ ____ __ ____ ____ ____ ___ ______ ____ __ ____ ____ _ ____ _____ ____ ____ _ ____ _____ ___ ___ ____ __ ____ ____ _____ _______ __ ____ ___ ___ ____ ___ _____ ___ ______ _ ___ ____ ____ ________ ____ _______ ____ __ ____ _____ _______ ______ _______ ____ ____ _______ ____ ____ _______ ____ ___ _____ _____ ___ _______ ___ __ ___ ___ ___ ___ ____ __ ___ _______ ____ _____ ____ ______ ____ ____ _______ __ ______ ______ ____ ___ ___ __ _____ ___ _______ ___ __ ___ __ ___ _ ____ __ ____ _ ________ ____ ___ ______ _ ____ __ __ ____ ____ ____ ___ _____ _____ __ ____ ____ ____ ___ __ _______ ___ ____ ________ ________ ___ ____ _____  ________ ____ _____ _____ ___ ___ _______ ______ _____ ___ _____ ___ ___ ______ ____ ___ ____ ________"
hikayat-090,____ ____ _____ _____ ____ _,"____ ______ ______ ____ _____ ____ _ ______ __ _____ ____ _ ______ _____ ____ _ _____ ___ __ ______ __ ____ __ _______ ____ ____ _ ____ _ _____ __ ______ _____ _____ ____ __ ____ __ ____ __ ___ ___ _____ ___ __ ___ __ ___ ___ ____ _ ___ ___ __ ______  __ _____ __ ____ (______) ___ ___ ____ _ __ _____ ____ __ ____ __ ____ ______ ___ __ ____ _____ ______ ____ ____ _____ ____ __ _______ ____ ____ ____ __ __ ____ ____ _____ __ _____ _______ ____ _____ ____ ___ ____ ____ ____ ____ __ _____ ____ ___ ___ ____ ____ _____ ___ ____ _____ __ _______ _____ __ _______ ____ ___ __ _____ _________ ____ ____ _____ ______ ______ _____ ________ ____ ____ ____ _____ __ ____ ____ __ _____ ___ __ __ ______ ______ ____ ____ ____ __ _____ ___ ___ ______ ___ __ ____ _______ _____ __ ______ ____ __ _________ __ ____ __ __ ____ ___ _____ _____ __ _____ ____ _______ __ _____ _ ______ ______ ____ __ ____ __ ____ __ _______ _______ _ ______ ____ __ _____ __ ____ __ _______ ____ ________ _______ _ ___ _____ ____ ____ _______ _____ ___ __ _______ _____ __ _____ __ ____ __ ______ __ ___ ____ ___ _____ _____ __ ___ ______ __ ___{ ____ __ _______ ___ __ _____ ______ _____ __ ____ ____ _____ ____ ___ __ ______ _______ _______ ____ _ _____ __ ______ _____ ______ ___ ____ ____ __ _______ __ ______ ____ __ _ ____ ____ _____ ____ _ _______ ___ _ _______ _____ __ ___ _____ _____ _____ _ ____ ___ ____ ____ _ ___ ____ _____ __ __ ______ ____ ___ ____ ____ __ _____ ____ ______ ____ _ __ ______  __ ____ __ ____ ___ ____ _____ _ __ ____ __ _____ ____ __ ___ _ _____ ____ _ ____ __ _____ __ ______ _ ____ _ ______ __ ___ ___ ____ ____ ____ ____ __ _____ _ _________ _____ ______ ____"
hikayat-091,____ ____ _____1,(___) É.____ ____ ___ __ ___ ___ ______ _______ * __ ____ ________ _______ ____ ___ ______ _______ * _______ ___ _________ __ ______ _______ * _____ _____ ____ _____ __ ___ ______ _______ * ____ ___ ___ __ _____ ______ _____ __ _____ ____ _____ ______ ___ ______ __ ___ ______ ______ ________* ______ ____ _______ ______ ________ * ____ _____ ______ _____ ______ _____ _____ __ ____ ____ __ ____ ______ * ___ _____ ______ * __ _____ ____ ____ ___ ____ _____ ______ __ ___ ____ __ _____ __ ____ ______ * ____ ____ __ _______ ____ ___ _____ _______ * ____ _____ ____ _______ * ___ ______ ______ ___ ___ ___ ____ _____ * ____ _____ * ____ ____ _____ * _____ __ ____ ___ _____ * ___ ____ _____ ____ _____ * _____ _____ * _____ ____ ____ * ___ ___ __ ____ _____ ____ ____ __ __ _____ * _________ ___ ___ ____ * ___ _____ __ ______ _______ * _____ __ ___ _____ _____ * _____ ___ * ____ ___ ______ ____ ______ ___ ____ * _______ _____ __ * ______ ___ __ ______ ___ _____ * ____ ___ _____ * _____ _____ * ___ ____ * ______ ____ _____ ___ ____ _____ __ _____ ____ * _____ _______ _____ * _____ _______ ____ ___ __ ___ _____ * ____ ____ _____ * ____ ___ __ __ ___ * ___ ___ __ ___ ________ ___ ___ * _____ ________ ____ ____ __ _____ ___ ______ ___ _______ * ____ _____ * ____ _____ * _____ ____ ___ __ ____ __ _____ __ _______ * ____ __ ____ ____ ____ ______ * ______ ___ ____ * ____ ___ __ __ ____ ___ * ____ ___ ___ ___ * _____ ____ ___ ____ * ______ __ __ ___ ___ _____ ___ ____ * ___ __ ____ * ____ ___ ____ * ___ ____ ___ __ ______ ____ * _____ ___ __ _____ __ ______ ___ * _____ __ _____ ____ ____ ____ * ____ ____ ____ ____ __ ____ __ _____ * __ __ __ ___ ___ __ _____ * ____ _____ __ _____ ___ ______ ______ * ____ ___ __ ___ __ ____ _____ * ______ __ ___ ____ ___ ___ ______ ____ ___ _______ ______ * ____ ___ ___ _____ _____ ____ ______ _____ * ___ ____ ____ ______ * ____ __ _____ _________ * ____ ____ ____ __ _______ * ___ ____ ____ _____ ____ ______ * ____ ___ ____ ___ _____ ___ _______ ____ ______ ____ ______ * ____ ____ ___ ___ __ ___ _______ * ____ _____ ___ __ _____ * _____ __ ___ _____ * ____ _____ ___ ___ __ ___ ___ ____ _____ ____ * __ ___ ____ ____ ____ * _____ ____ * ______ ____ * ____ _____ * ______ _____ ______ * ____ ____ ___ ____ _____ ______ * ____ ____ ______ __ ______ * _______ ______ _____ * _____ ____ * ________ ____ * ____ ___ ___ ___ ___ ___ __ ___ ____ ____ * __ ____ ___ ___ ____ _____ ___ ____ * ____ ___ ____ __ ____ __ _______ * _____ ______ ______ _______ * ______ __ ____ __ ___ ____ * __ ____ _____ ___ ______ ______ * ___ ____ ____ __ _____ * ____ __ _____ _______ ______ __ ___ __ ___ ___ _____ * ____ ____ __ ___ ___ ____ * ______ ___ _____ ___ _____ ___ __ _____ ____ * ____ ___ _______ ____ __ ____ _____ * ____ ______ _______ * _____ ___ * ___ ____ __ ____ ___ ___ ____ ___ * _____ __ ______ ____ * ______ ____ __ ____ * ______ __ ______ _______ * _____ ______ ______ __ ______ * ___ ___ __ ___ ____ _____ * ___ ____ ______ _______ * ____ __ ____ __ ___ ____ __ _______ * ____ __ _______ _____ ____ ___ ______ ___ * ____ ___ _____ _____ _______ * _____ _____ _______ * _____ ______ * _____ ______ * ____ __ _______ * __ ___ __ ___ ___ _______ * ___ ____ ____ _____ ______ ____ * ____ ____ _______ ______ __ ___ ______ __ _______ ____ * ____ ___ __ ____ _____ _____ _____ _______ * ___ _____ __ _____ ___ _____ ___ _____ __ ____ * _____ ___ ______ _____ ___ ____ ____ ____ _____ * ___ _____ * ___ _____ __ ___ __ _____ * ____ ____ * ____ ______ * _____ ____ ______ ____ ______ * ____ ____ ___ _____ ___ ____ ___ ______ * _____ _________ * _______ _______ * ____ ____ ____ * _____ ____ ____ * ____ ___ ______ ______ * ____ _____ ___ ______ ______ __ ____ ______ ________ __ * _______ ____ _____ _____ _____ ____ * _____ _____ __ _____ __ ____ ___ __ ______ * ______ __ ____ ____ ___ _______ ____ _____ * _______ ____ _____ ___ _______ _______ _____ ______ ____ __ ___ __ ____ ____ * ______ ___ ____ __ ____ ______ __ ____ _____ ___ ___ _______ ____ _____ * ____ ___ ___ _____ ___ __ ____ * ____ _____ __ ____ * ____ ___ ___ ___ ___ _____ ___ __ _____ ______ * ___ ____ ____ _____ ___ _____ * _____ __ ____ __ ______ ___ _____ __ _______ ______ * ______ _____ _______ * _____ _____ __ ___ _____ * ___ ____ ________ ______ * ________ ___ ____ _____ _______ __ ____ ______ * ______ ___ ____ __ __ ____ * ____ ____ __ _____ _____ * ____ ___ ___ _____ * ____ __ ____ ____ ______ ____ ______ __ __ ___ __ * _____ __ _____ * ___ ____ ___ ____ ____ * ____ ___ __ ___ _____ ___ ___ _____ ____ ___ * _____ ___ _______ ____ ____ * ____ ____ __ _____ ______ * ___ ______ ___ _____ __ ______ ___ ______ * _____ __ _____ ___ ___ ___ ___ * ____ ______ __ ____ ______ ____ __ ____ ___ * ____ __ _____ * ____ ___ ______ _____ __ _____ * ____ _____ * ____ ____ _____ * ____ ___ ____ ____ ____ * ______\ ___ ____ _____ ___ ____ _____ * ______ ______ ___ _____ _______ _____ ___ * ____ ___ __ ___ ___ * _______ ____ ___ _____ _____ * ____ ___ ____ __ _____ * ________ __ ____ ___ ___ ___ * ____ __ ___ __ _____ ____ __ ____ _____ ______ * ____ ___ __ __ _____ ______ * ____ ____ _____ ______ * ____ _____ ____ _____ * ____ ___ ___ ___ __ _____ * ____ ____ ___ _____ * ____ __ _____ ____ * _______ _____ ________ ____ _______ * ________ __ ____ ______ ______ _______ * _____ ____ ______ ______ * ____ ______ ______ _______ ______ * ______ _____ ____ ______ _______ * ___ ___ _____ _______ ___ _______ * ___ ______ ___ ______ ____ _____ * ______ ____ ______ ____ ___ _____ *
hikayat-092,_____ _______,____ 115- _____ _____ ___ ____  ___ __ _______ _______ ___ __ _____ ______ ____ _____ ___ _____ ____ ______ ___ ______ ____ _______ ____ _______ ____ ______ ___ _____ _____ __ ______ __ ____ ______ ________ ______ ___ ____ ______ ______ __ ________ ____ _____ _____ _____ __ __ ______ _____ ______ ____ _____ _____ _____ ______ ______ ___ _____ __ _____ _______ __ ___ _____ _______ _______ ____ _____ __ ____ _____ ___ ____ ____ ______ __ _____ ____ __ _____ ___ ____ _______ ______ ______ ____ _______ ____ ____ _____ ____ ___ ____ ____ ____ ______ _____ ______ ______ _____ _____ ___ __ ___ __ ______ _______ _______ ______ ____ ____ ____ _____ ___ _____ _____ ______ ____ _______ ____ ____ ____ ____ __ _____ ____ ___ ___ _____ __ ___ ____ __ ____ ___ ____ ____ ___ ____ _____ ____ _____ _____ _____ ___ ____ __ ____ ___ ______ _____ _____ _____ _____ __ __ ____ _______ ________ ___ ______ _____ ______ ______ _ ___ ___ ________ _________ _____ ____ _____ ______ ___ ___ ____ ___. ____ ___ ____ _____ ______ _____ ___ _____ ___ ___ __ ___ __ _____ ______ _____ __ ____ _____ ______ ____ __ __ ___ ______ ___ ___ _______ _____ ____ ____ ____.
hikayat-093,_____ ____ ______,"____ _ _ __ _______ __ ___ ____ ______ _______ ______ _____ __ ___ ____ __ ____ ____ _____ ____ ______.__ ______ ______ __ _____ _____ __ __ ____ __  ____ ____ __ _____ ____ _____ ____ __ _______ ____ ____ __ _______ ____ ____ _______ __ ___ ____ __ ____ __ ____ ____ ______ _____ ___ __ _____ __ _______ ______ __ ___ ______ _______ ___ _____ _ ___ _______ __ ____ ___ __ __ __ _____ ___ ____ ___ ____ __ _______."
hikayat-094,___ __ ___,"___ ____ __ _____ ___ ____ __ ____ ____ ____ ___ ___ ___ ____ __ __ ____ __ ____ __ ___ ____ _ ____ ___ __ ______ ____ __ _______ ___ __ ___ __ ___ ___ ____ __ __ ________ ____ __ ____ ___ __ ___ ____ __ __ ____ __ ____ __ ___ ____ ____ ___ ___ __ ____ __________ __ ____ __ __ ________ ____ __ ____ ___ __ _____ __ _____ __ _____ _____ ___ ____ __ __ ____ __ ___ ____ ___ ____ _ ____ ___ _____ ____ ____ ____ ____ ______."
hikayat-095,_____ ____ ______,"_______ ____ __ _____ ___ ____ ___ __ ___ _____ __ _____ ____ ____ _____ ____ __ _____ __ _______ __ __ ___ __ _____ ______ ____ _____ _____ __ _____ _____ ____ ___ ____. _______ __ _____ _____ _ __ __ ___ ___ ____ ______ __ ____ ___ ____ __ ___ ___ _____ ____ ____ ____ ___ ____ __ __ __ ____ ____ ___ ____."
hikayat-096,______,___ ____ ___ ____ ___ ___ __ __ ____ _____ __ _______ ____ ____ __ ____ ___ _____ ___ ___ ____ _____ ____ _____ _ ____ _____ ___ ___ ____ ________ ___ _____ ______ ______ _____ _____ _______ _________ _____ _____ ___ ___ ______ _______ _____ ____ _ _ ____ ____ ____ __ ____ ___ __ ____ ___ _____ ___ _____ ______ ______ _____ ____ __ ____ ______ ___ ____ __ ___ ____ ______ ____ _____ __________ ______ _____ __________ ___ ___ ______ __ ___ _______ ____ _____ ____ ____ ____ ______ ______ _____ ___ ___ __ __ ____ _____ ____ __ ____ _____ ___ __ __ ____ __ ____ ___ _______ __ ___ _______ _____ __ ______ ____ ____ __ ____ ___ ____ _____ ___ _____ ____ ____ _ _ ____ ____ __ _______ ____ ____ ____ ___ ____ _ _ _____ ______ ______
hikayat-097,_______ ____ ______,"__ ___ __ _________ ________ ____ ______ _ __ ____ __ ____ __ ____ ____ _ _ _____ ____ __ _____ _____ ____ _ _ ______ ___ _ _ ____ ___ _____ _____ _____ __ ______ ____ _____ ____ ___ (___) ____ ____ __ ___ ______ ____ ____ __ __ _______ __ ___ __ _____ ___ ____ _____ _____ ____ ___ _____ __ _____ _____ __ __ _____ ___ ___ ___ _______ _ __ __ _____ __ ___ _______ __ ___ _ __ _____ ___ _____ ______ _____ _ __ ____ __ ____ __ _____ ______ __ _____ ___ ____ _____ ____ _____ ____ ____ __ _______ ___ ____ ___ ___ __ ____ __ ____ _____ ____ _ __ ____ __ ____ _ _____ _____ _____ ____ ____ _______ _____ ____ ____ __ ___ ____ ____ _____ __ _______ ______ ______ ____ _____ __ _____"
hikayat-098,_____ ___ ______,"____ 78- ____ _____ __ ____ _____ __ ____ ___ _____ __ ___ ____ _____ __ ____ _____ ___ ____ ____ _____ ____ ___ ___ ___ ___ _____ ___ ____ ___ _____ _____ _____ __ ____ __ ___ ___ ____ _____ __ ____ _____ _____ ____ __ ____ __ _____ __ ____ ___ ___ ____ _____ __ ___ ______ _______ _____ ______ ____ _______ _____ _____ ____ ____ ____ ____ __ _____ _____ __ ____ ____ ____ ______ __ ____ _____ ____ ____ ______ ____ _____ _____ ______ __ _____ ____ _____ ____ _____ ____ ______ ___ __ ___ ___ ______ _____ ____ ____ _____ ___ ______ __ _______ _____ __ ____ ______ ___ _____ _____ ____ ______ ______ __ ______ ____ ___ ___ _____ ___ ______ ___ ___ ______ __ _______ _____ _____ ___ ___ ___ ____ ___ ____ ______ _____ __ ______ ___ ____ _____ ___ ___ ____ ____ ___ ____ ___ _____ ____ __ _____ ____ ______ ____ ____ ___ ______ ____ __ ____ __ ___ ______ ____ __ ___ ___ ___ ___ ___ ____ ____ ___ ____ ____ ______ ______ _______ _______ ____ _____ ______ ________ _____ __ ___ _______ __ ___ ___ _____ ______ _____ ____ __ ___ ____ __ __ ___ _____ _____ ____ _____ ___ __ _______ ______ ___ ___ ____ __ ____ ____ ___ ____ ___ ___ ____ ____ ___ ______ ____ ___ ___ ____ _____. ____ _____ __ ___ __ ___ _______ _________ _____ ___ _______ _____ ____ ___ ___ ____ __ ______ _____ _____ __ ____ ___ _____ ____ ___ _____ ___ ___ __ _______ ____ ______ ____ ____ _____ ___ ____ ______ : "" ____ ___ ______ ____ ________ ""."
hikayat-099,_____ _____,"_____ _____ __ __ _____ __ _____ ___ ___ __ ____ ____ ___ ___ ______ ____ _____ _____ ___ _____ ____ __ ____ _____ __ _____ _____ __ ____ _____ (______) ____ __ _____ _____ ___ _____ _____ ___ __ ________ ___ ____ ____ _____ _____ __ _____ ____ __ __ _____ _____ ______ ____ _____ ___ _____ _______ __ ____ _____ ____ ____ ____ _______ __ ____ _____ __ ____ _______ _____ __ ___ ___ ______ ____ _____ _____ ___ _____ ____ ____ _____ _____ __ _____ ____ _______ __ _____ ___ ____ ___. ______ __ __ ____ __ ___ _____ ____ _____ __ ____ ____ ____ _____ _____ _____ ___ ______ ______ _______ ________ _____ _____ ___ ____ __ ____ ____ ____ _."
hikayat-100,__ __ ________,"___ ______ ____ _______ ____ ___ __ ___ _______ ___ __ ____ ____ ____ _____ ____ ____ ______ ______ __ _______ _____ ______ __ ______ _______ ____ _________ ______ ________ ___ __ ___ ______ ____ ____ ________ _______ _____ _________ _____ ____ ______ _______ ___ _____ _______ _________ ______ ____ _____ __________ __________  _______ ______ __ ___ _______ _ _____ _____ ____ ______ ____ __ ______ _____ ____ ____ __ ______ _________ _____ ____ ______ ____ __ ____ _______ ____ ___ _____ __ _____ ____ ____ ____ _______ _______ ______ _____ ___ _____ ___ ___ ___ ______ ______ __ ______ _______ __ _____  ____ ______ ___ ________ _________________ ______ _______ ______ _______ ______ ______ ____ ______ ______ ______ __ ________ _______ __ ____ ___ ______ _________ _______ ______ _____ ______ ___ ______ ______ _ ______ ______ ______ ____ ___ ___ ______ _______ _________ ________ ________ ________ ___ _______ ______ _____________ ______ ____ __________ ____________ ______ ____ _____ ___ _____ ________ ___ ___ __ ___ ___ ______ ______ ___ ___ ______ ________ ______ ______ ______ ____  _____ ________ ____ _____ _ ______ ______ ___ ________ _______ _______ ______ _______ ___ ______ __________ ________ ____ ________ ____ ___ _______ ______ ____ _____ ______ ______ ____ ___ _____ ____ ____ ____ ____ __ ______ ____ _____ ______ ____ _____ __ _____ _____ ____ ___ _________ ____ ______ __ ___ _______ ___ ___ ____ ___ _____ _____ ____ __ ____"
hikayat-101,_____ ____ _____ ____ ___ _____ ____,"___ ___ ___ ___ __ ______ ________ ___ ____ __ ____ _____ ____ _______ __ ______ __ ____ __ ____ ____ 50 ____ ______ _______ ____ __ ____ ____ _____ ______ _____ ____ __ __ ___ __ _____ ____ __ ____ ______ __ 50 ____ ______ ____ _____ __ __ ______ __ ____ __ ____ ___ 40000 ______ __ _____ __ __ ___ __ _____ _____ __ ___ ___ _______ __ _____ _____ __ ___ _____, _____ _____ _____ __ ___ ____ ___ ____ ____ __ ___ ___ __ ____ _____ _ ___ ____ _____ ____ __ __ ______ __ ____ __ ____ ____ _ __ ____ ____ _______ ____ __ _____ _______ __ ____ __ ____ __ __ __ _____ ______ _____ _ __ ____ ___ ___ ____ ___ ______ __ ___ __ ___ _____ ____."
hikayat-102,___ ____ _____ ___ _____ ____ ____ ___ __ _____,"_____ ___ ____ _ __ ____ _____ ______ ____ ___ __ ____ ___ _____ ____ ____ ____ ____ __ ______ ____ ___ _ ____ _____ _____ __ _____ __ _____ ____ _ __ __ _____ ____ ___ __ _____ _______ __ _____ ____ _____ __ _____ __ _____ _______ ____ ____ _____ ____ ____ ____! __ ____ ____ ___ _ __ ____ _____ ____ _____ ____ _____ ____ _____ _____ ____ ____ ____ __ _____ ___ ____ __ ____ _____ ___ _____ __ _ __ _____ __ __ ___ __ _____ _____ ,__ ____ _____ __ __ ____ _____ __ _____ __ _____ _______ _____ __ _____ ___ ______ ____ __ _____ ____ __ ____ __ ______ _____ ___ ____ _____ __ _____ ______ ________ __ __ ___ ______ _____ _____ ___ _____ _____ _____  __ ___ ____ ______ ____ ____ ____ __ ___ ____ __ _____} ______ __ ____} ___ _____ __ ____ ___ __ ______ ______, ____ _____ __ ___ ____ ____ __ __ _____ _____ ____ _____ ____ ____ _____ ____ ___ __ ____ _____ _ _____ __ ____ ______, ____ ___ _____ ____ _____ ___ ____ _____ ______ ___ ____ ___ ______ __ ___ __ ____ _____ ___ ___ _____, _____ __ __ ___ __ ____ __ _____ ______ ________ ___ _______ _____ _____ ____ ____.""___ __ ______ ___ _____ ___ ______ ____."""
hikayat-103,__ _____ ______ (____ _____),"___ ___ __ ___ _______ _____ ____ ___ ______ ____ ___ _____ ______ __ ___ _____ ____ ________ _____ _______ __ ___ __ ____ __ _____ ______ ____ _____ ____ ____ __ ______ __ ____ ___ ______ ___ _____ ____ ___ ___ ____ ____ ______ _____ ____ ____ ___ ___ ______ ____ ______ _______ __ ____ ____ ____ ___ ____ ______ ____ __ ______ ______ ____ _____ __ __ ______ _____ _____ ___ ______ _____ ____: __ __ ____ _ _____ ____ _____ __ ______ _____ ___ ___ _____ _____ ______ __ ___ ___ __ ___ __ ___ ______ _____ ___ _____ ____ _____ ____ _____ ______ ___ _____ __ ___ ____ _____ ____ _____ __ _____ ____ ______ __ _____ _____ ____ __ __ _____ ___ __ ____ ____ __ ___ _____ ____ ____ _____ ______ ______ _____ __ __ _____ ___ ____ __ ___ ____ _____ ____ __"
hikayat-104,____ __ _____ _____ __ ____,"_____ __ ______ ________ _____ ____ __ ___ _____ ___ __ __ ______ _________ _____ __ _____ ____ ______ ____! _____ __ ____ _____ ________ __ ___ __ _____ ___ __ ____ ____ __ ____ __ ________ ___ ___ ____ ____ ______ _____ ___ ____ _____ ______ ___ ____ __ ____ _______ ____ _____ ___ __ ______ ____ _____ ______ ___ ____ ___ __ ____ ____ __ ______ __ _____} _____ __ __ ______ ___ ____ ____ ______ ____ ____."
hikayat-105,___ __ _____,"________ __ __ ___ ______ __ __ ____ ____ __ __ ____ ____ __ ____ __ ___ ____ ___ ____ ____ ____ ___ ____ __ ___ ____ _____ ____ ___ _____ ____ _____ ___ _ ____ ______ __ _____ ___ __ ____ ____ __ _____ ___ _____ ___ ____ ______ _____ ___ ____ __ __ ___ ___ ____ ____ ___ ____ ______ __ ____ ____ ____ __ __ ___ ___ _____ __ __ _____ ___ _____ ____ __ _____ ___ ____ ______ __ ___ ___ ___ _____ ____ ____ __ __ _ __ ___ ___ ____ ___ ___ _________ _ _______ _ __ ______ _____ ___ __ ___ ____ __ ____ ___ ___. _____ __ _____ ___ __ __ ____ __ ____ ___ _____ __ ___ __ __ _."
hikayat-106,_____ ____ ______,"(___ ____ _____) (1346 __)_____ __ _ __ ___ ___ ____ ____ ____ ___ ___ ____ __ ______ _____ ________ _________ __ ____ _____ ___ ____ _____ ____ __ ____ __ ____ ___ ____ __ ____ ____ __ ___ _____ _______ ____ ___ ____ __ ____ __ ____ _____. __ ___, __ ______ ______ _____ ____- __ ____ __ ____ __ ___ ___ ______ ______ _____ __ ____ __ _____ _____ _____ _____ __ _____ ______ ____ ____ ____ _____ __ ___ __ ___ _______ _____ ____ __ _____ __ __ ___ __ ______ __ ____ __ __ _____ ______ ____ __ ____ __ _____ __ __ ____ _ _____ ___ ___ _____ __ _____ _ ____ __ 4 ____ ______ ___ ____ ______ ____ _____ ____ ______ __ ___ ____ __ _____ ____ 4 _____ ____ _____ ____ __ ___ ____ __ __ ___ ____ __} ___ _____ _____ ____ 3 ____ ___ ___ ___ __ _____ _____ ___ ___ ___ __ ______ ____ __ __ ___ __ ___ ____ _____ _. ____ ___ __ __ _____ _____ _________ __ ______ ____ _____ _____ __ __ ___, __ _____ ____ __ ____ 3} ____ ____ _____ ____ _____ ____ _____ _____ __ _________ _________ __ ______ ____ _____ __ ____ __ } ____ ,____ __ _______ ____ ____ _____ __ _______ ____ _____ ____ __ ______ __ ___ ___ ______ __ ___ __ __ ___ ___ ___ __ ___ __ __ ____ __ ____ __ ___ _____ ____ ______ ___ ____ _____ ____ ______ _____ _____ __ __ ___ _____ ___ _____ _____ __ ___ __ ___ ___ ____ ____ __ ______ ____ ___ ____.__ ____ _____ ___ __ ____ ___ ___ ____ __ ____ ____ ____ ___ __ ___ ___ ____ ___ ____ _____ __ ___ ___ __ ___ ___ ______ ___ __ _____ _____ _ ____ ___ _______ ___ __ ____ _____ ____ _.__ ___ ___ __ ______ __ __ ___ __ _____ _ __ __ __ ___ ___ __ _____ ______ ___ _____ _____ __ ____ ___ ___ ____ ___ __ __ __ ____ __ ____ _____ __ __ ___ _______ __ ___ _____ ____ ___} ____ __ ____ __ 3} __________ __ ___ ____ ____,__ __ ___ ___ ____ __ ____ __ _____ _____ ______ __ __ __ ___ ____ ___ ____ _____ _____ __ __ __ __ __ ____ __ ____ __ _____ ______ ____ ____ __ ____ ___ ____ __ ____ __ _____ __ __ ___ _____ _______ _.____:______ ______ ___ __ _____ ______ ___ ______ _______ __ ____ ______ _____ _____ _____ ____ _____ _____ ____ _____ __ ___ ___ _____ ______ ____ ______ ____ _____ __ ____ __ ____ __ ______ __ _____ ____ ______ ____ _____ _____ _____ ___ ______ ___ __ ______ _____ ____ _____ ___ _____ ______ ___ __ __ ____ _______ _____ __ ___ _____ ____ __ ____ ____ ____ ______ ___ ___ ____ ____ ____ ____ _____ __ ___ ______ ______ __ __ ___ ____ __ ___ __ ___ _____ ____ __ ___ ___ _______ __ __ ____ __ ____ _____ __ __ ___ ____ _ __ __ __ 3} ____(_____ ___ ___ ____ _____ __ __ ___ ____ __ _____ __ _____ __ __ ____ _____)__ ___ ______ ____ _____ ____ _____ __ ___ _____ _____ _____ ____ __ 4 ____ _____ ____ __ ___ ___ __ _____ __ ____ ____ ____ _______ _____ _____ __ ____ ____ _____} __ ___ _______ _______ ____ __ _____ ________ ____ __ ___ ______ _____ ____ __ ___ __ _____ ___ ____ __ _____ ____ ____ ____ _____ ___ _____ __ ___ ____ __ 4 ____ ___ ____ ___ _____ ___ _____ ____ __ ______ __ 3 ________ ____ ____ __ ___ __ _____ ______ 4 ____ _____ ____ _____ ____ ______ _____ ____ ____"
hikayat-107,_____ ___ _______,"_____ ____ ____ _____ __ ___ ___ __ ________ _____ ______ _____ _______ _____ __ ___ ___ __ _______ _____ ____ _____ ____ ___ _____ _____ ___ ___ _____ ____ ________ _____ ____ ___ __ _____ _______ _ ___ _______ _____ __ ___ __ _______ _____________ ____ ______ _________ _"
hikayat-108,______ _____ ______,"____ 40- ____ _____ _____ ______ _____ ______ __ ______ __ ______ ______ ____ ____ _____ ___ ___ ____ __ ____ _____ ______ ____ ___ _____ ___ ___ ___ _____ ______ ___ ______ ____ ____ _ ____ ______ ___ ______ _____ ___ ______ _ _______ ____ _____ _ _____ ______ _ _____ _____ _ ____ _______ __ ___ ___ _____ __ ______ __ __ ______ __ _______ _ ______ ____ _____ _______ __ ____ ______ _____ _ _________  __ ____ ___ ___ _____ __ ____ _ _____ ______ _____________ ______ _______ ______ _____ ______ _ _____ ______ _______ _ _______ __ ____ _____ __ _____ _ ________ __ ______ ______ _ _______ __ ____ _______ _____ ___ _______ __________ __ ____ ______ _ _____ ."
hikayat-109,____ __ ____ _____ ____,"___ ____ _____ _____ ____ ___ _ ____ ____ ____ _____{ _____ ____ __ ___ ____ ____ __ ____ ____ _____ ______ ____ ____ __ _____ _____ ____ __ ____ _____ __ ____ _____ _____ ___ ___ ___ ___ ____ ____ _______ ___ _____ __ ____ ____ ____ __ ______ ____ ___ _____ ____ __ ____ __ _______ _____ __ ____ ____ ____ ____ __ ____ ___ ____ ___ _____ __ _____ _____ __ ______ __ ____ __ ____ ______  ___ __ __ __ _____ _______ _____ _____ _______ ____ _______ __ ______ _ _____ __ ____ ___ ____ __ _____ ________ ______ ____ _____ __ ____ __ ____ _____ ________ _ __ _____ ____ ___ _________ _____ __ ______ ___ ____ __ ____ ____ __ _____ ________ __ ____ ____ ____ _____ ____ _______ __ ____ _____ __ ____ _____ ___ _______ __ ___ ___ ____ __ ______ ____ __ ____ __ ____ __ _____ _ ____ __ ____ _____ ____ ____ __ ____ ______ __ ___ ___ ____ ____ ___ _____ ____ ____ ____ ____ __ ____ __ _____ _____ _ ____ ____ ___ ___ ____ ____ __ ______ __ _____ _ ___ _____ ___ __ ____ _______ ____ ____ _____ ___ ____ __ ____ _____ _____ ____ __ ____ _________ ______ __ ___ ____ __ ____ _____ _____ ____ ______ ____ __ ____ __ _____ ___ ____ ______ __ ____ ______ ______ __ _ ___ ____ ____ __ _____ ______ ____ ____ __ ___ __ ______ __ ____ ____ ____ ______ __ _____ ____ _____ __ ____ ______ _____ ____ _____ ____ ____ _____ ___ ____ __ __ ___ __ __ ____ _ ____ ______ ____ ___ ___ ___ ___ ___ _ ____ _____ ___ ____ __ __ ___ ___ _____ ____ __ ____ ____ ______ _______ ______ __ _____ ____ ___ _______ ______ ___ ______ ____ ___ __ ______ __ ____ ___ _____ ______ ___ ____ _______ _______ ___ ____ _________ ___ _______ ______ ___ ___ __ ____ ______ _____ _____ __ ______ _____ __ ______ _ __ ______ ____ __ ____ _ _ _____ ____ ____ __ ___ ______ __ _____ _ ______ ____ ______ ______ __ _____ ____ ________ ____ ____ ____ _______ _______ _______ ___ ______ __ __ __ _____ ___ ______ ______ _________ _ ______ _____ _______ _____ ____ ___ ______ ____ __ __ ____ _____ ____ ____ ______ ___ _____ ____ ___ ____ __ __ _____ ____ _____ ____ __ ____ _____ ______ _____ ______ __ __ ______ ____ ____ ____ ______ __ ___ _____ _ __ ___ ______ ______ _____ _______ ______ ___ ____ ____ __ ____ _____ ____ ____ ______ ____ _____ _____ _ ___ ______ ______ __ _ ______ __ ___ ____ ___ ___ __ ____ __ _____ ______ ____ ____ __ ____ __ ____ __ _____ __ ____ ___ __ ___ ____ ____ ______ ____ ____ ___ ____ _"
hikayat-110,____ _____,"____ 75- ___ ____ _____ __ ____ ___ _____ _ __ _______ ______ __ _______ _____ ___ ______ __ ______ ___ ______ ______ _______ __ ______ ______ _______ ______ ____ __ ______ _ __ ___ ___ ______ ___ ___ ___ ___ __ _________ ______ _____ _____ _____ ___ _____ __ _________ ____ _____ ___ ______ ____ _______ ___ __ ___ ___ ____ ___ ____ ____ ______ ____ ________ ______ ___ ___ _____ ___ _____ ____ __ ___ ___ __ _____ _____ __ ____ ___ _______ ___ ______ __ __ _______ ______ _____ ____ ________ ___ __ ___ __ _______ ___ ________ ____ _____ ____ ______ ______ __ ______ ____ _______ ______ ___ ______ __ ____ ______ ___ _______ __ _____ _____ _____ ______ __ ___ _____ __ _____ ___ ___ _______ ____ __ ________ _____ _____ __ __ ____ __ _______ _____ __ ______ ____ _____ _______ __ ______ ____ ___ ______ __ ____ ____ ___ _____ _ _____ _____ ____ ______ ______ ______ ______ __ ____ ____ ______ ____ _____ ____ ______ __ _____ __ ___ ____ ___ ____ _______ ___ ____ ____ __ _____ ___ ___ _____ _______ ____ __ _____ ___ ____ ____ ____ ____ ______ _____ ___ ________ _______ ____ ______ ____ _____ __ ___ ________ ______ ___ _____ _____ ___ ___ ___ _________ __ ___ ______ ______ ____ _______ _____ __ ______ ___ _________ _____ _______ ____ __ ______ _ ____ ____ ______ _____ _____ _____ ___ ______ ____ ____ ___ ___ ______ ______ _____ ____ ____ ______ ______ ____ __ _____ ____ ____ ___ __ ___ ______ _____ ______ ____ _______ ____ ___ ____ __ ______ ____ _____ __ ___ ___ ______ _____ ___ ____ ___ _____ ___ _______ _____ __ ___ _____ __ _____ _______ _____ _____ ____ ____ ________ ____ __ ___ __ ______ ____ ____ ____ ______ ________ ____ __ ___ ___ ____ ____ ______ __ ____ ______ __ _____ ____ ___ ___ ___ _______ _____ __ ___ ___ _____ __ ____ ___ _____ ___ __ ___ ___ _____ _______ ___ _____ _________ __ ____ ________ __ _____ _______ __ ____ __ ______ ____ _____ __ ___ ____ __ _____ __ _______ ______ _____ _____ ____ ___ __ ___ ______ _ _______ _____ __ _______ ____ __ ________ ____ ____ _____ ____ ______ ___________ _______ _ ____ ____ ___ __ ___ ___ _____ _______ ____ _____ _____ ___ ___ ___ __ ___ ___ ___ _ ____ _____ __ ____ _______ ____ __ ____ __ _______ _______ ____ __ ______ ____ __ _____ __ _____ _____ ____ ____ __ ________ _____ __ ____ ____ __ ____ _____ __ ___ _____ __ _________ ______ ______ _____ ___ _____ __ _____ ____ ______ ______ _____  ________ _____ _____ ______ _____ ___ _____ ____ _____ ____ ____ ________ ______ _____ ___ ____ ____ ________ ____ ____ ____ ______ ___ ______ ______ __________ ______ ___ _____ __ ____ ___ ___ ___ ______ _____ ___ _____ ______ __ ____ __ ___ _______ __ ______  _______ ______ ______ ___ __ ___ __ ______ _______ ____ ____ ______ ___ __ ______ __ _______ ______ ___ ___ _____ ____ ___ ____ __ _______ _____ __ ____ ____ _____ _______ ______ ____ _______ ______ ______ _____ _____ ________ ___ _ __ _____ ____ _______ ____ ______ ____ __ ____ ___ __ _______ ___ __ ____ ______ _____ __ __ _____ __ __ _____ ___ __ ________ __ ___ __ ________ ____ __ ____ ____ ______ ___ ____ __ ______ ______ ____ ___ _ ___ _____ ____ ____ _______ ______ ___ _____ _____ ___ ____ _____ ______ ____ _____ _______ _____ __ ___ ____ ______ _____ ___ _____ ____ _____ _____ ______ __ ____ ___ _______ ___ _____ ___ ____ ___ __________ ___ ___ __ ________ ___ ____ __ ___ ___ __ ____ _____ _____ _______ __ _______ _____ __ _______ ____ ___ ______ _ ______ ________ ______ ___________ _____ ______ ___ ________ _____ __ ____ __ ______ ____ ___ ____ __ _____ ___ ___ ____."
hikayat-111,_____ __ _____,"____ ___ __ _____ __ __ ___ ___ _____ ____ __ __ _______ ____ ___ ___ _______ ____ _ ____ ____ __ _____ __ _______ __ __ _____ ___ ___ _ __ ___ ____ ___ ____ __ ____ _______ ______ ____.____ __ ___ __ __ ___ ___ _____ __ ___ __ ____ ______ __ __ ____ ______ ____ _. __ ______ _____ ___ ___ ____ ___ ___ ______ ___ ____ ____ _____ _____ ____ ________ ____ ___ ____ ___ ________ ____ __ ___ ____._____ _____ ____ _______ _____ __ _____ __ ____ ______ ___ ___ ____ ___ __ __ _____ ___ ________ _____ ____ __ ___ ___ _____ ____ __ _____ ____ ____ ___ __ ____ __ ___ ______ ____ ___ _____ __ _____ ______ __ ____ __ __ _____ ___ ___ _____ ____ ___ __ __ _____ __} ___ ____ _.____ __ ___ ______ _____ __ _____ __ __ __ _______ __ ______} _____ __ _ ____ __} ____ __ ___. ____ _____ ___ ____ ____ ____ ___ ____ __ _______ ____ ___ ___ __________ __ ___ __ ___ ____ ___ _____ ___ ____ __ __ __ ___ ___ _____ _____ ___. _____ __ _____ ____ __ _____ __ __________ _____ ____ ________.______ _____ __ ___ ___ _____ ___ _____ ___ _____ ______ ____ ___ ____ ___ ____ ____ __ ___ ____ .____ _______ ____ ____ ______ ___ __________ __ _____ __ ____ ____ ______ ___ __ ___ _____ __ _____ __ __ ___ ____ _____ ____ __ _____ ___ ___ ___ ____ ___ ____ __ _____ ____ _____.____ _____ ___ ___ __ __ _____ __ ___ ______ ______ ___.____ _____ ____ ___ ___ ___ __ __ ___ ___ ______  ___ ___ ____ _______ _____ _______ ___ __ __ ______ __ __ ___ ___ ___ _____ __ ___ _____ __ __ ______ _ ___ _____ ___ ___ _____ ____ ____ __ __ __ _____ ____ __ __ _____ ____ __ __ ___ _____ __ _____ _____ __ _____ _____ _____ __ ____ ___ ____ __ _____ _____ _____ ___ ___ _____ ____ _____ ___ _____ ____ ____ ____ _____ __ ___ __ ______ ______ _____ ______ __ __ ___ ___ ___ ___________ ___ ______ ____ _____ __ _____ __ ____ ______ ____ _____ __ _____ __ __ ___ ___ ________ __________ ___ ____.  __ _____ ___ _____ ___ _____ __ __ _____ ___ ___ ____ ____ __ ___ __ ______ _____ __ __ ______ ____ ___ ____ ___ __________ ___ ____.__ _____ ____ ___ ___ ____ _______ _ __ ____ __ _____ _ __ __ __ _______ ____ __ ____ __ ______ ___ __ __ __ ___ __ ____ ___ _______ ____ ______ __ ____ ______ ____ __ ___ ______ _ __ __ _____ __ _____ ____ ____ ____ __ _____ __ _____ __ ____ __ _______ ____ _ ____ _____ __ ____ __ _____ _ __ __ __ _____ __ ___ ___ __ ____ ___ __ _____ __ ______ _______ ___ ________ ______ __ ______ ___ ____ _."
hikayat-112,_____ ____ _____,"____ ____ ______ _____ ____ ___ ___ _______ _ ___ _____ _____ ____ ___ __ ___ ___ ____ _____ ____._______ __ ___ ____ _____ ____ ______ __ _____ __ _____ ____ ______ __ _____ __ __ ____ _._____ __ _____ ___ __ ____ _______ __} ___ ___ ___ ___ ______ ______ __ _____ ________ _ ____ ___ ___ __ _____ _____ _____ ___ ____ ___ ____ _____ ___ ____ __ ____ __ ___ _____ _. ____ _______ ____ __ ____ __ _____ _. __ __ ___ ____ __ _____ _____ __ _____ ____ _."
hikayat-113,__ ____ __ ____,"______ __ ___ __ ___ _______ ____ __ _______ __ _____ ________ _____ __ ____ _ __ _____ ______ ____ __ ___ ___ _____ ____ ___ ____ ____ ____ _ __ _______ __ ___ ______ ___ ______ __ _____ ____ ____ ___ _: ""___ _______ _____ ____ ____ ____ _____"" __ ___ _____ _: __ __ ______ ____ __ __ __ _______ ______ _ ____ __ ______ _______ _____ ___ _______ __ ___ ____"" _____ ____ ____ ____ ___ _: ""___ ___ _____ ___ __ __ _____ __ ____ ____ ____ _____ __ ___ _____ ___ ____ __ ___ __ ______ _____ ___ ___ ___ _____ _____ __ ____ _____ ____ _____ ____."""